identifiant GO	définition	occurence	pvalue
GO:0000006	F:high-affinity zinc transmembrane transporter activity	{'GO:0000006': 0}	1.0
GO:0000014	F:single-stranded DNA endodeoxyribonuclease activity	{'GO:0000006': 0}	1.0
GO:0000015	C:phosphopyruvate hydratase complex	{'GO:0000006': 0}	1.0
GO:0000018	P:regulation of DNA recombination	{'GO:0000006': 0}	1.0
GO:0000025	P:maltose catabolic process	{'GO:0000006': 0}	1.0
GO:0000027	P:ribosomal large subunit assembly	{'GO:0000006': 0}	1.0
GO:0000028	P:ribosomal small subunit assembly	{'GO:0000006': 0}	1.0
GO:0000030	F:mannosyltransferase activity	{'GO:0000006': 0}	1.0
GO:0000032	P:cell wall mannoprotein biosynthetic process	{'GO:0000006': 0}	1.0
GO:0000034	F:adenine deaminase activity	{'GO:0000006': 0}	1.0
GO:0000035	F:acyl binding	{'GO:0000006': 0}	1.0
GO:0000036	F:acyl carrier activity	{'GO:0000006': 0}	1.0
GO:0000049	F:tRNA binding	{'GO:0000006': 0}	1.0
GO:0000050	P:urea cycle	{'GO:0000006': 0}	1.0
GO:0000053	P:argininosuccinate metabolic process	{'GO:0000006': 0}	1.0
GO:0000062	F:fatty-acyl-CoA binding	{'GO:0000006': 0}	1.0
GO:0000096	P:sulfur amino acid metabolic process	{'GO:0000006': 0}	1.0
GO:0000097	P:sulfur amino acid biosynthetic process	{'GO:0000006': 0}	1.0
GO:0000099	F:sulfur amino acid transmembrane transporter activity	{'GO:0000006': 0}	1.0
GO:0000100	F:S-methylmethionine transmembrane transporter activity	{'GO:0000006': 0}	1.0
GO:0000101	P:sulfur amino acid transport	{'GO:0000006': 0}	1.0
GO:0000102	F:L-methionine secondary active transmembrane transporter activity	{'GO:0000006': 0}	1.0
GO:0000103	P:sulfate assimilation	{'GO:0000006': 0}	1.0
GO:0000104	F:succinate dehydrogenase activity	{'GO:0000006': 0}	1.0
GO:0000105	P:histidine biosynthetic process	{'GO:0000006': 0}	1.0
GO:0000107	F:imidazoleglycerol-phosphate synthase activity	{'GO:0000006': 0}	1.0
GO:0000150	F:recombinase activity	{'GO:0000006': 0}	1.0
GO:0000154	P:rRNA modification	{'GO:0000006': 0}	1.0
GO:0000155	F:phosphorelay sensor kinase activity	{'GO:0000006': 0}	1.0
GO:0000156	F:phosphorelay response regulator activity	{'GO:0000006': 0}	1.0
GO:0000160	P:phosphorelay signal transduction system	{'GO:0000006': 0}	1.0
GO:0000162	P:tryptophan biosynthetic process	{'GO:0000006': 0}	1.0
GO:0000166	F:nucleotide binding	{'GO:0000006': 0}	1.0
GO:0000175	F:3'-5'-exoribonuclease activity	{'GO:0000006': 0}	1.0
GO:0000179	F:rRNA (adenine-N6,N6-)-dimethyltransferase activity	{'GO:0000006': 0}	1.0
GO:0000210	F:NAD+ diphosphatase activity	{'GO:0000006': 0}	1.0
GO:0000215	F:tRNA 2'-phosphotransferase activity	{'GO:0000006': 0}	1.0
GO:0000256	P:allantoin catabolic process	{'GO:0000006': 0}	1.0
GO:0000270	P:peptidoglycan metabolic process	{'GO:0000006': 0}	1.0
GO:0000271	P:polysaccharide biosynthetic process	{'GO:0000006': 0}	1.0
GO:0000272	P:polysaccharide catabolic process	{'GO:0000006': 0}	1.0
GO:0000287	F:magnesium ion binding	{'GO:0000006': 0}	1.0
GO:0000302	P:response to reactive oxygen species	{'GO:0000006': 0}	1.0
GO:0000303	P:response to superoxide	{'GO:0000006': 0}	1.0
GO:0000309	F:nicotinamide-nucleotide adenylyltransferase activity	{'GO:0000006': 0}	1.0
GO:0000310	F:xanthine phosphoribosyltransferase activity	{'GO:0000006': 0}	1.0
GO:0000372	P:Group I intron splicing	{'GO:0000006': 0}	1.0
GO:0000400	F:four-way junction DNA binding	{'GO:0000006': 0}	1.0
GO:0000405	F:bubble DNA binding	{'GO:0000006': 0}	1.0
GO:0000413	P:protein peptidyl-prolyl isomerization	{'GO:0000006': 0}	1.0
GO:0000453	P:enzyme-directed rRNA 2'-O-methylation	{'GO:0000006': 0}	1.0
GO:0000455	P:enzyme-directed rRNA pseudouridine synthesis	{'GO:0000006': 0}	1.0
GO:0000462	P:maturation of SSU-rRNA from tricistronic rRNA transcript (SSU-rRNA, 5.8S rRNA, LSU-rRNA)	{'GO:0000006': 0}	1.0
GO:0000470	P:maturation of LSU-rRNA	{'GO:0000006': 0}	1.0
GO:0000478	P:endonucleolytic cleavage involved in rRNA processing	{'GO:0000006': 0}	1.0
GO:0000701	F:purine-specific mismatch base pair DNA N-glycosylase activity	{'GO:0000006': 0}	1.0
GO:0000703	F:oxidized pyrimidine nucleobase lesion DNA N-glycosylase activity	{'GO:0000006': 0}	1.0
GO:0000716	P:transcription-coupled nucleotide-excision repair, DNA damage recognition	{'GO:0000006': 0}	1.0
GO:0000724	P:double-strand break repair via homologous recombination	{'GO:0000006': 0}	1.0
GO:0000725	P:recombinational repair	{'GO:0000006': 0}	1.0
GO:0000726	P:non-recombinational repair	{'GO:0000006': 0}	1.0
GO:0000731	P:DNA synthesis involved in DNA repair	{'GO:0000006': 0}	1.0
GO:0000737	P:DNA catabolic process, endonucleolytic	{'GO:0000006': 0}	1.0
GO:0000738	P:DNA catabolic process, exonucleolytic	{'GO:0000006': 0}	1.0
GO:0000746	P:conjugation	{'GO:0000006': 0}	1.0
GO:0000774	F:adenyl-nucleotide exchange factor activity	{'GO:0000006': 0}	1.0
GO:0000787	C:cytoplasmic nucleosome	{'GO:0000006': 0}	1.0
GO:0000796	C:condensin complex	{'GO:0000006': 0}	1.0
GO:0000810	F:diacylglycerol diphosphate phosphatase activity	{'GO:0000006': 0}	1.0
GO:0000820	P:regulation of glutamine family amino acid metabolic process	{'GO:0000006': 0}	1.0
GO:0000900	F:translation repressor activity, mRNA regulatory element binding	{'GO:0000006': 0}	1.0
GO:0000902	P:cell morphogenesis	{'GO:0000006': 0}	1.0
GO:0000906	F:6,7-dimethyl-8-ribityllumazine synthase activity	{'GO:0000006': 0}	1.0
GO:0000907	F:sulfonate dioxygenase activity	{'GO:0000006': 0}	1.0
GO:0000908	F:taurine dioxygenase activity	{'GO:0000006': 0}	1.0
GO:0000917	P:division septum assembly	{'GO:0000006': 0}	1.0
GO:0000918	P:division septum site selection	{'GO:0000006': 0}	1.0
GO:0000920	P:septum digestion after cytokinesis	{'GO:0000006': 0}	1.0
GO:0000921	P:septin ring assembly	{'GO:0000006': 0}	1.0
GO:0000935	C:division septum	{'GO:0000006': 0}	1.0
GO:0000967	P:rRNA 5'-end processing	{'GO:0000006': 0}	1.0
GO:0000976	F:transcription regulatory region sequence-specific DNA binding	{'GO:0000006': 0}	1.0
GO:0000984	F:bacterial-type RNA polymerase transcription regulatory region sequence-specific DNA binding	{'GO:0000006': 0}	1.0
GO:0000985	F:bacterial-type RNA polymerase core promoter sequence-specific DNA binding	{'GO:0000006': 0}	1.0
GO:0000986	F:bacterial-type cis-regulatory region sequence-specific DNA binding	{'GO:0000006': 0}	1.0
GO:0001000	F:bacterial-type RNA polymerase core enzyme binding	{'GO:0000006': 0}	1.0
GO:0001072	F:transcription antitermination factor activity, RNA binding	{'GO:0000006': 0}	1.0
GO:0001073	F:transcription antitermination factor activity, DNA binding	{'GO:0000006': 0}	1.0
GO:0001108	F:bacterial-type RNA polymerase holo enzyme binding	{'GO:0000006': 0}	1.0
GO:0001121	P:bacterial transcription	{'GO:0000006': 0}	1.0
GO:0001123	P:transcription initiation from bacterial-type RNA polymerase promoter	{'GO:0000006': 0}	1.0
GO:0001124	P:transcription elongation from bacterial-type RNA polymerase promoter	{'GO:0000006': 0}	1.0
GO:0001125	P:transcription termination from bacterial-type RNA polymerase promoter	{'GO:0000006': 0}	1.0
GO:0001216	F:DNA-binding transcription activator activity	{'GO:0000006': 0}	1.0
GO:0001217	F:DNA-binding transcription repressor activity	{'GO:0000006': 0}	1.0
GO:0001228	F:DNA-binding transcription activator activity, RNA polymerase II-specific	{'GO:0000006': 0}	1.0
GO:0001406	F:glycerophosphodiester transmembrane transporter activity	{'GO:0000006': 0}	1.0
GO:0001407	P:glycerophosphodiester transmembrane transport	{'GO:0000006': 0}	1.0
GO:0001510	P:RNA methylation	{'GO:0000006': 0}	1.0
GO:0001514	P:selenocysteine incorporation	{'GO:0000006': 0}	1.0
GO:0001522	P:pseudouridine synthesis	{'GO:0000006': 0}	1.0
GO:0001530	F:lipopolysaccharide binding	{'GO:0000006': 0}	1.0
GO:0001558	P:regulation of cell growth	{'GO:0000006': 0}	1.0
GO:0001561	P:fatty acid alpha-oxidation	{'GO:0000006': 0}	1.0
GO:0001618	F:virus receptor activity	{'GO:0000006': 0}	1.0
GO:0001671	F:ATPase activator activity	{'GO:0000006': 0}	1.0
GO:0001680	P:tRNA 3'-terminal CCA addition	{'GO:0000006': 0}	1.0
GO:0001681	F:sialate O-acetylesterase activity	{'GO:0000006': 0}	1.0
GO:0001682	P:tRNA 5'-leader removal	{'GO:0000006': 0}	1.0
GO:0001727	F:lipid kinase activity	{'GO:0000006': 0}	1.0
GO:0001731	P:formation of translation preinitiation complex	{'GO:0000006': 0}	1.0
GO:0001761	F:beta-alanine transmembrane transporter activity	{'GO:0000006': 0}	1.0
GO:0001762	P:beta-alanine transport	{'GO:0000006': 0}	1.0
GO:0001883	F:purine nucleoside binding	{'GO:0000006': 0}	1.0
GO:0001884	F:pyrimidine nucleoside binding	{'GO:0000006': 0}	1.0
GO:0001887	P:selenium compound metabolic process	{'GO:0000006': 0}	1.0
GO:0001896	P:autolysis	{'GO:0000006': 0}	1.0
GO:0001897	P:cytolysis by symbiont of host cells	{'GO:0000006': 0}	1.0
GO:0001932	P:regulation of protein phosphorylation	{'GO:0000006': 0}	1.0
GO:0001933	P:negative regulation of protein phosphorylation	{'GO:0000006': 0}	1.0
GO:0002020	F:protease binding	{'GO:0000006': 0}	1.0
GO:0002047	P:phenazine biosynthetic process	{'GO:0000006': 0}	1.0
GO:0002057	F:guanine binding	{'GO:0000006': 0}	1.0
GO:0002058	F:uracil binding	{'GO:0000006': 0}	1.0
GO:0002083	F:4-hydroxybenzoate decaprenyltransferase activity	{'GO:0000006': 0}	1.0
GO:0002094	F:polyprenyltransferase activity	{'GO:0000006': 0}	1.0
GO:0002097	P:tRNA wobble base modification	{'GO:0000006': 0}	1.0
GO:0002098	P:tRNA wobble uridine modification	{'GO:0000006': 0}	1.0
GO:0002099	P:tRNA wobble guanine modification	{'GO:0000006': 0}	1.0
GO:0002100	P:tRNA wobble adenosine to inosine editing	{'GO:0000006': 0}	1.0
GO:0002101	P:tRNA wobble cytosine modification	{'GO:0000006': 0}	1.0
GO:0002128	P:tRNA nucleoside ribose methylation	{'GO:0000006': 0}	1.0
GO:0002131	P:wobble position cytosine ribose methylation	{'GO:0000006': 0}	1.0
GO:0002132	P:wobble position uridine ribose methylation	{'GO:0000006': 0}	1.0
GO:0002136	P:tRNA wobble base lysidine biosynthesis	{'GO:0000006': 0}	1.0
GO:0002143	P:tRNA wobble position uridine thiolation	{'GO:0000006': 0}	1.0
GO:0002161	F:aminoacyl-tRNA editing activity	{'GO:0000006': 0}	1.0
GO:0002181	P:cytoplasmic translation	{'GO:0000006': 0}	1.0
GO:0002184	P:cytoplasmic translational termination	{'GO:0000006': 0}	1.0
GO:0002188	P:translation reinitiation	{'GO:0000006': 0}	1.0
GO:0002189	C:ribose phosphate diphosphokinase complex	{'GO:0000006': 0}	1.0
GO:0002196	F:Ser-tRNA(Ala) hydrolase activity	{'GO:0000006': 0}	1.0
GO:0002935	F:tRNA (adenine-C2-)-methyltransferase activity	{'GO:0000006': 0}	1.0
GO:0002937	P:tRNA 4-thiouridine biosynthesis	{'GO:0000006': 0}	1.0
GO:0002938	P:tRNA guanine ribose methylation	{'GO:0000006': 0}	1.0
GO:0002939	P:tRNA N1-guanine methylation	{'GO:0000006': 0}	1.0
GO:0002943	P:tRNA dihydrouridine synthesis	{'GO:0000006': 0}	1.0
GO:0002949	P:tRNA threonylcarbamoyladenosine modification	{'GO:0000006': 0}	1.0
GO:0002952	F:(4S)-4-hydroxy-5-phosphonooxypentane-2,3-dione isomerase activity	{'GO:0000006': 0}	1.0
GO:0002953	F:5'-deoxynucleotidase activity	{'GO:0000006': 0}	1.0
GO:0003333	P:amino acid transmembrane transport	{'GO:0000006': 0}	1.0
GO:0003676	F:nucleic acid binding	{'GO:0000006': 0}	1.0
GO:0003677	F:DNA binding	{'GO:0000006': 0}	1.0
GO:0003678	F:DNA helicase activity	{'GO:0000006': 0}	1.0
GO:0003680	F:AT DNA binding	{'GO:0000006': 0}	1.0
GO:0003681	F:bent DNA binding	{'GO:0000006': 0}	1.0
GO:0003684	F:damaged DNA binding	{'GO:0000006': 0}	1.0
GO:0003688	F:DNA replication origin binding	{'GO:0000006': 0}	1.0
GO:0003690	F:double-stranded DNA binding	{'GO:0000006': 0}	1.0
GO:0003697	F:single-stranded DNA binding	{'GO:0000006': 0}	1.0
GO:0003700	F:DNA-binding transcription factor activity	{'GO:0000006': 0}	1.0
GO:0003723	F:RNA binding	{'GO:0000006': 0}	1.0
GO:0003724	F:RNA helicase activity	{'GO:0000006': 0}	1.0
GO:0003725	F:double-stranded RNA binding	{'GO:0000006': 0}	1.0
GO:0003727	F:single-stranded RNA binding	{'GO:0000006': 0}	1.0
GO:0003729	F:mRNA binding	{'GO:0000006': 0}	1.0
GO:0003730	F:mRNA 3'-UTR binding	{'GO:0000006': 0}	1.0
GO:0003735	F:structural constituent of ribosome	{'GO:0000006': 0}	1.0
GO:0003743	F:translation initiation factor activity	{'GO:0000006': 0}	1.0
GO:0003746	F:translation elongation factor activity	{'GO:0000006': 0}	1.0
GO:0003747	F:translation release factor activity	{'GO:0000006': 0}	1.0
GO:0003755	F:peptidyl-prolyl cis-trans isomerase activity	{'GO:0000006': 0}	1.0
GO:0003756	F:protein disulfide isomerase activity	{'GO:0000006': 0}	1.0
GO:0003774	F:motor activity	{'GO:0000006': 0}	1.0
GO:0003796	F:lysozyme activity	{'GO:0000006': 0}	1.0
GO:0003824	F:catalytic activity	{'GO:0000006': 0}	1.0
GO:0003825	F:alpha,alpha-trehalose-phosphate synthase (UDP-forming) activity	{'GO:0000006': 0}	1.0
GO:0003839	F:gamma-glutamylcyclotransferase activity	{'GO:0000006': 0}	1.0
GO:0003841	F:1-acylglycerol-3-phosphate O-acyltransferase activity	{'GO:0000006': 0}	1.0
GO:0003842	F:1-pyrroline-5-carboxylate dehydrogenase activity	{'GO:0000006': 0}	1.0
GO:0003844	F:1,4-alpha-glucan branching enzyme activity	{'GO:0000006': 0}	1.0
GO:0003848	F:2-amino-4-hydroxy-6-hydroxymethyldihydropteridine diphosphokinase activity	{'GO:0000006': 0}	1.0
GO:0003849	F:3-deoxy-7-phosphoheptulonate synthase activity	{'GO:0000006': 0}	1.0
GO:0003850	F:2-deoxyglucose-6-phosphatase activity	{'GO:0000006': 0}	1.0
GO:0003852	F:2-isopropylmalate synthase activity	{'GO:0000006': 0}	1.0
GO:0003855	F:3-dehydroquinate dehydratase activity	{'GO:0000006': 0}	1.0
GO:0003856	F:3-dehydroquinate synthase activity	{'GO:0000006': 0}	1.0
GO:0003857	F:3-hydroxyacyl-CoA dehydrogenase activity	{'GO:0000006': 0}	1.0
GO:0003861	F:3-isopropylmalate dehydratase activity	{'GO:0000006': 0}	1.0
GO:0003862	F:3-isopropylmalate dehydrogenase activity	{'GO:0000006': 0}	1.0
GO:0003864	F:3-methyl-2-oxobutanoate hydroxymethyltransferase activity	{'GO:0000006': 0}	1.0
GO:0003866	F:3-phosphoshikimate 1-carboxyvinyltransferase activity	{'GO:0000006': 0}	1.0
GO:0003867	F:4-aminobutyrate transaminase activity	{'GO:0000006': 0}	1.0
GO:0003870	F:5-aminolevulinate synthase activity	{'GO:0000006': 0}	1.0
GO:0003871	F:5-methyltetrahydropteroyltriglutamate-homocysteine S-methyltransferase activity	{'GO:0000006': 0}	1.0
GO:0003872	F:6-phosphofructokinase activity	{'GO:0000006': 0}	1.0
GO:0003879	F:ATP phosphoribosyltransferase activity	{'GO:0000006': 0}	1.0
GO:0003882	F:CDP-diacylglycerol-serine O-phosphatidyltransferase activity	{'GO:0000006': 0}	1.0
GO:0003883	F:CTP synthase activity	{'GO:0000006': 0}	1.0
GO:0003886	F:DNA (cytosine-5-)-methyltransferase activity	{'GO:0000006': 0}	1.0
GO:0003887	F:DNA-directed DNA polymerase activity	{'GO:0000006': 0}	1.0
GO:0003896	F:DNA primase activity	{'GO:0000006': 0}	1.0
GO:0003899	F:DNA-directed 5'-3' RNA polymerase activity	{'GO:0000006': 0}	1.0
GO:0003904	F:deoxyribodipyrimidine photo-lyase activity	{'GO:0000006': 0}	1.0
GO:0003905	F:alkylbase DNA N-glycosylase activity	{'GO:0000006': 0}	1.0
GO:0003906	F:DNA-(apurinic or apyrimidinic site) endonuclease activity	{'GO:0000006': 0}	1.0
GO:0003908	F:methylated-DNA-[protein]-cysteine S-methyltransferase activity	{'GO:0000006': 0}	1.0
GO:0003909	F:DNA ligase activity	{'GO:0000006': 0}	1.0
GO:0003911	F:DNA ligase (NAD+) activity	{'GO:0000006': 0}	1.0
GO:0003916	F:DNA topoisomerase activity	{'GO:0000006': 0}	1.0
GO:0003917	F:DNA topoisomerase type I (single strand cut, ATP-independent) activity	{'GO:0000006': 0}	1.0
GO:0003918	F:DNA topoisomerase type II (double strand cut, ATP-hydrolyzing) activity	{'GO:0000006': 0}	1.0
GO:0003919	F:FMN adenylyltransferase activity	{'GO:0000006': 0}	1.0
GO:0003920	F:GMP reductase activity	{'GO:0000006': 0}	1.0
GO:0003921	F:GMP synthase activity	{'GO:0000006': 0}	1.0
GO:0003922	F:GMP synthase (glutamine-hydrolyzing) activity	{'GO:0000006': 0}	1.0
GO:0003924	F:GTPase activity	{'GO:0000006': 0}	1.0
GO:0003934	F:GTP cyclohydrolase I activity	{'GO:0000006': 0}	1.0
GO:0003935	F:GTP cyclohydrolase II activity	{'GO:0000006': 0}	1.0
GO:0003937	F:IMP cyclohydrolase activity	{'GO:0000006': 0}	1.0
GO:0003938	F:IMP dehydrogenase activity	{'GO:0000006': 0}	1.0
GO:0003941	F:L-serine ammonia-lyase activity	{'GO:0000006': 0}	1.0
GO:0003942	F:N-acetyl-gamma-glutamyl-phosphate reductase activity	{'GO:0000006': 0}	1.0
GO:0003949	F:1-(5-phosphoribosyl)-5-[(5-phosphoribosylamino)methylideneamino]imidazole-4-carboxamide isomerase activity	{'GO:0000006': 0}	1.0
GO:0003950	F:NAD+ ADP-ribosyltransferase activity	{'GO:0000006': 0}	1.0
GO:0003951	F:NAD+ kinase activity	{'GO:0000006': 0}	1.0
GO:0003952	F:NAD+ synthase (glutamine-hydrolyzing) activity	{'GO:0000006': 0}	1.0
GO:0003954	F:NADH dehydrogenase activity	{'GO:0000006': 0}	1.0
GO:0003955	F:NAD(P)H dehydrogenase (quinone) activity	{'GO:0000006': 0}	1.0
GO:0003957	F:NAD(P)+ transhydrogenase (B-specific) activity	{'GO:0000006': 0}	1.0
GO:0003960	F:NADPH:quinone reductase activity	{'GO:0000006': 0}	1.0
GO:0003962	F:cystathionine gamma-synthase activity	{'GO:0000006': 0}	1.0
GO:0003963	F:RNA-3'-phosphate cyclase activity	{'GO:0000006': 0}	1.0
GO:0003973	F:(S)-2-hydroxy-acid oxidase activity	{'GO:0000006': 0}	1.0
GO:0003977	F:UDP-N-acetylglucosamine diphosphorylase activity	{'GO:0000006': 0}	1.0
GO:0003978	F:UDP-glucose 4-epimerase activity	{'GO:0000006': 0}	1.0
GO:0003979	F:UDP-glucose 6-dehydrogenase activity	{'GO:0000006': 0}	1.0
GO:0003983	F:UTP:glucose-1-phosphate uridylyltransferase activity	{'GO:0000006': 0}	1.0
GO:0003984	F:acetolactate synthase activity	{'GO:0000006': 0}	1.0
GO:0003985	F:acetyl-CoA C-acetyltransferase activity	{'GO:0000006': 0}	1.0
GO:0003986	F:acetyl-CoA hydrolase activity	{'GO:0000006': 0}	1.0
GO:0003987	F:acetate-CoA ligase activity	{'GO:0000006': 0}	1.0
GO:0003988	F:acetyl-CoA C-acyltransferase activity	{'GO:0000006': 0}	1.0
GO:0003989	F:acetyl-CoA carboxylase activity	{'GO:0000006': 0}	1.0
GO:0003991	F:acetylglutamate kinase activity	{'GO:0000006': 0}	1.0
GO:0003992	F:N2-acetyl-L-ornithine:2-oxoglutarate 5-aminotransferase activity	{'GO:0000006': 0}	1.0
GO:0003993	F:acid phosphatase activity	{'GO:0000006': 0}	1.0
GO:0003994	F:aconitate hydratase activity	{'GO:0000006': 0}	1.0
GO:0003995	F:acyl-CoA dehydrogenase activity	{'GO:0000006': 0}	1.0
GO:0003996	F:acyl-CoA ligase activity	{'GO:0000006': 0}	1.0
GO:0003998	F:acylphosphatase activity	{'GO:0000006': 0}	1.0
GO:0003999	F:adenine phosphoribosyltransferase activity	{'GO:0000006': 0}	1.0
GO:0004000	F:adenosine deaminase activity	{'GO:0000006': 0}	1.0
GO:0004014	F:adenosylmethionine decarboxylase activity	{'GO:0000006': 0}	1.0
GO:0004015	F:adenosylmethionine-8-amino-7-oxononanoate transaminase activity	{'GO:0000006': 0}	1.0
GO:0004016	F:adenylate cyclase activity	{'GO:0000006': 0}	1.0
GO:0004017	F:adenylate kinase activity	{'GO:0000006': 0}	1.0
GO:0004018	F:N6-(1,2-dicarboxyethyl)AMP AMP-lyase (fumarate-forming) activity	{'GO:0000006': 0}	1.0
GO:0004019	F:adenylosuccinate synthase activity	{'GO:0000006': 0}	1.0
GO:0004020	F:adenylylsulfate kinase activity	{'GO:0000006': 0}	1.0
GO:0004021	F:L-alanine:2-oxoglutarate aminotransferase activity	{'GO:0000006': 0}	1.0
GO:0004022	F:alcohol dehydrogenase (NAD+) activity	{'GO:0000006': 0}	1.0
GO:0004024	F:alcohol dehydrogenase activity, zinc-dependent	{'GO:0000006': 0}	1.0
GO:0004029	F:aldehyde dehydrogenase (NAD+) activity	{'GO:0000006': 0}	1.0
GO:0004030	F:aldehyde dehydrogenase [NAD(P)+] activity	{'GO:0000006': 0}	1.0
GO:0004032	F:alditol:NADP+ 1-oxidoreductase activity	{'GO:0000006': 0}	1.0
GO:0004033	F:aldo-keto reductase (NADP) activity	{'GO:0000006': 0}	1.0
GO:0004034	F:aldose 1-epimerase activity	{'GO:0000006': 0}	1.0
GO:0004035	F:alkaline phosphatase activity	{'GO:0000006': 0}	1.0
GO:0004038	F:allantoinase activity	{'GO:0000006': 0}	1.0
GO:0004040	F:amidase activity	{'GO:0000006': 0}	1.0
GO:0004042	F:acetyl-CoA:L-glutamate N-acetyltransferase activity	{'GO:0000006': 0}	1.0
GO:0004044	F:amidophosphoribosyltransferase activity	{'GO:0000006': 0}	1.0
GO:0004045	F:aminoacyl-tRNA hydrolase activity	{'GO:0000006': 0}	1.0
GO:0004047	F:aminomethyltransferase activity	{'GO:0000006': 0}	1.0
GO:0004048	F:anthranilate phosphoribosyltransferase activity	{'GO:0000006': 0}	1.0
GO:0004049	F:anthranilate synthase activity	{'GO:0000006': 0}	1.0
GO:0004055	F:argininosuccinate synthase activity	{'GO:0000006': 0}	1.0
GO:0004056	F:argininosuccinate lyase activity	{'GO:0000006': 0}	1.0
GO:0004060	F:arylamine N-acetyltransferase activity	{'GO:0000006': 0}	1.0
GO:0004064	F:arylesterase activity	{'GO:0000006': 0}	1.0
GO:0004065	F:arylsulfatase activity	{'GO:0000006': 0}	1.0
GO:0004066	F:asparagine synthase (glutamine-hydrolyzing) activity	{'GO:0000006': 0}	1.0
GO:0004067	F:asparaginase activity	{'GO:0000006': 0}	1.0
GO:0004068	F:aspartate 1-decarboxylase activity	{'GO:0000006': 0}	1.0
GO:0004069	F:L-aspartate:2-oxoglutarate aminotransferase activity	{'GO:0000006': 0}	1.0
GO:0004070	F:aspartate carbamoyltransferase activity	{'GO:0000006': 0}	1.0
GO:0004071	F:aspartate-ammonia ligase activity	{'GO:0000006': 0}	1.0
GO:0004072	F:aspartate kinase activity	{'GO:0000006': 0}	1.0
GO:0004073	F:aspartate-semialdehyde dehydrogenase activity	{'GO:0000006': 0}	1.0
GO:0004075	F:biotin carboxylase activity	{'GO:0000006': 0}	1.0
GO:0004076	F:biotin synthase activity	{'GO:0000006': 0}	1.0
GO:0004077	F:biotin-[acetyl-CoA-carboxylase] ligase activity	{'GO:0000006': 0}	1.0
GO:0004084	F:branched-chain-amino-acid transaminase activity	{'GO:0000006': 0}	1.0
GO:0004087	F:carbamoyl-phosphate synthase (ammonia) activity	{'GO:0000006': 0}	1.0
GO:0004088	F:carbamoyl-phosphate synthase (glutamine-hydrolyzing) activity	{'GO:0000006': 0}	1.0
GO:0004089	F:carbonate dehydratase activity	{'GO:0000006': 0}	1.0
GO:0004096	F:catalase activity	{'GO:0000006': 0}	1.0
GO:0004106	F:chorismate mutase activity	{'GO:0000006': 0}	1.0
GO:0004107	F:chorismate synthase activity	{'GO:0000006': 0}	1.0
GO:0004108	F:citrate (Si)-synthase activity	{'GO:0000006': 0}	1.0
GO:0004109	F:coproporphyrinogen oxidase activity	{'GO:0000006': 0}	1.0
GO:0004112	F:cyclic-nucleotide phosphodiesterase activity	{'GO:0000006': 0}	1.0
GO:0004113	F:2',3'-cyclic-nucleotide 3'-phosphodiesterase activity	{'GO:0000006': 0}	1.0
GO:0004115	F:3',5'-cyclic-AMP phosphodiesterase activity	{'GO:0000006': 0}	1.0
GO:0004121	F:cystathionine beta-lyase activity	{'GO:0000006': 0}	1.0
GO:0004123	F:cystathionine gamma-lyase activity	{'GO:0000006': 0}	1.0
GO:0004124	F:cysteine synthase activity	{'GO:0000006': 0}	1.0
GO:0004125	F:L-seryl-tRNASec selenium transferase activity	{'GO:0000006': 0}	1.0
GO:0004126	F:cytidine deaminase activity	{'GO:0000006': 0}	1.0
GO:0004127	F:cytidylate kinase activity	{'GO:0000006': 0}	1.0
GO:0004129	F:cytochrome-c oxidase activity	{'GO:0000006': 0}	1.0
GO:0004130	F:cytochrome-c peroxidase activity	{'GO:0000006': 0}	1.0
GO:0004131	F:cytosine deaminase activity	{'GO:0000006': 0}	1.0
GO:0004133	F:glycogen debranching enzyme activity	{'GO:0000006': 0}	1.0
GO:0004134	F:4-alpha-glucanotransferase activity	{'GO:0000006': 0}	1.0
GO:0004135	F:amylo-alpha-1,6-glucosidase activity	{'GO:0000006': 0}	1.0
GO:0004139	F:deoxyribose-phosphate aldolase activity	{'GO:0000006': 0}	1.0
GO:0004140	F:dephospho-CoA kinase activity	{'GO:0000006': 0}	1.0
GO:0004141	F:dethiobiotin synthase activity	{'GO:0000006': 0}	1.0
GO:0004143	F:diacylglycerol kinase activity	{'GO:0000006': 0}	1.0
GO:0004145	F:diamine N-acetyltransferase activity	{'GO:0000006': 0}	1.0
GO:0004146	F:dihydrofolate reductase activity	{'GO:0000006': 0}	1.0
GO:0004148	F:dihydrolipoyl dehydrogenase activity	{'GO:0000006': 0}	1.0
GO:0004149	F:dihydrolipoyllysine-residue succinyltransferase activity	{'GO:0000006': 0}	1.0
GO:0004150	F:dihydroneopterin aldolase activity	{'GO:0000006': 0}	1.0
GO:0004151	F:dihydroorotase activity	{'GO:0000006': 0}	1.0
GO:0004152	F:dihydroorotate dehydrogenase activity	{'GO:0000006': 0}	1.0
GO:0004155	F:6,7-dihydropteridine reductase activity	{'GO:0000006': 0}	1.0
GO:0004156	F:dihydropteroate synthase activity	{'GO:0000006': 0}	1.0
GO:0004159	F:dihydrouracil dehydrogenase (NAD+) activity	{'GO:0000006': 0}	1.0
GO:0004160	F:dihydroxy-acid dehydratase activity	{'GO:0000006': 0}	1.0
GO:0004161	F:dimethylallyltranstransferase activity	{'GO:0000006': 0}	1.0
GO:0004165	F:dodecenoyl-CoA delta-isomerase activity	{'GO:0000006': 0}	1.0
GO:0004170	F:dUTP diphosphatase activity	{'GO:0000006': 0}	1.0
GO:0004175	F:endopeptidase activity	{'GO:0000006': 0}	1.0
GO:0004176	F:ATP-dependent peptidase activity	{'GO:0000006': 0}	1.0
GO:0004177	F:aminopeptidase activity	{'GO:0000006': 0}	1.0
GO:0004180	F:carboxypeptidase activity	{'GO:0000006': 0}	1.0
GO:0004185	F:serine-type carboxypeptidase activity	{'GO:0000006': 0}	1.0
GO:0004190	F:aspartic-type endopeptidase activity	{'GO:0000006': 0}	1.0
GO:0004222	F:metalloendopeptidase activity	{'GO:0000006': 0}	1.0
GO:0004252	F:serine-type endopeptidase activity	{'GO:0000006': 0}	1.0
GO:0004298	F:threonine-type endopeptidase activity	{'GO:0000006': 0}	1.0
GO:0004300	F:enoyl-CoA hydratase activity	{'GO:0000006': 0}	1.0
GO:0004309	F:exopolyphosphatase activity	{'GO:0000006': 0}	1.0
GO:0004311	F:farnesyltranstransferase activity	{'GO:0000006': 0}	1.0
GO:0004314	F:[acyl-carrier-protein] S-malonyltransferase activity	{'GO:0000006': 0}	1.0
GO:0004315	F:3-oxoacyl-[acyl-carrier-protein] synthase activity	{'GO:0000006': 0}	1.0
GO:0004316	F:3-oxoacyl-[acyl-carrier-protein] reductase (NADPH) activity	{'GO:0000006': 0}	1.0
GO:0004317	F:3-hydroxypalmitoyl-[acyl-carrier-protein] dehydratase activity	{'GO:0000006': 0}	1.0
GO:0004318	F:enoyl-[acyl-carrier-protein] reductase (NADH) activity	{'GO:0000006': 0}	1.0
GO:0004320	F:oleoyl-[acyl-carrier-protein] hydrolase activity	{'GO:0000006': 0}	1.0
GO:0004322	F:ferroxidase activity	{'GO:0000006': 0}	1.0
GO:0004324	F:ferredoxin-NADP+ reductase activity	{'GO:0000006': 0}	1.0
GO:0004325	F:ferrochelatase activity	{'GO:0000006': 0}	1.0
GO:0004326	F:tetrahydrofolylpolyglutamate synthase activity	{'GO:0000006': 0}	1.0
GO:0004332	F:fructose-bisphosphate aldolase activity	{'GO:0000006': 0}	1.0
GO:0004333	F:fumarate hydratase activity	{'GO:0000006': 0}	1.0
GO:0004335	F:galactokinase activity	{'GO:0000006': 0}	1.0
GO:0004337	F:geranyltranstransferase activity	{'GO:0000006': 0}	1.0
GO:0004340	F:glucokinase activity	{'GO:0000006': 0}	1.0
GO:0004342	F:glucosamine-6-phosphate deaminase activity	{'GO:0000006': 0}	1.0
GO:0004345	F:glucose-6-phosphate dehydrogenase activity	{'GO:0000006': 0}	1.0
GO:0004346	F:glucose-6-phosphatase activity	{'GO:0000006': 0}	1.0
GO:0004347	F:glucose-6-phosphate isomerase activity	{'GO:0000006': 0}	1.0
GO:0004349	F:glutamate 5-kinase activity	{'GO:0000006': 0}	1.0
GO:0004350	F:glutamate-5-semialdehyde dehydrogenase activity	{'GO:0000006': 0}	1.0
GO:0004351	F:glutamate decarboxylase activity	{'GO:0000006': 0}	1.0
GO:0004354	F:glutamate dehydrogenase (NADP+) activity	{'GO:0000006': 0}	1.0
GO:0004355	F:glutamate synthase (NADPH) activity	{'GO:0000006': 0}	1.0
GO:0004356	F:glutamate-ammonia ligase activity	{'GO:0000006': 0}	1.0
GO:0004357	F:glutamate-cysteine ligase activity	{'GO:0000006': 0}	1.0
GO:0004358	F:glutamate N-acetyltransferase activity	{'GO:0000006': 0}	1.0
GO:0004359	F:glutaminase activity	{'GO:0000006': 0}	1.0
GO:0004360	F:glutamine-fructose-6-phosphate transaminase (isomerizing) activity	{'GO:0000006': 0}	1.0
GO:0004362	F:glutathione-disulfide reductase activity	{'GO:0000006': 0}	1.0
GO:0004363	F:glutathione synthase activity	{'GO:0000006': 0}	1.0
GO:0004364	F:glutathione transferase activity	{'GO:0000006': 0}	1.0
GO:0004365	F:glyceraldehyde-3-phosphate dehydrogenase (NAD+) (phosphorylating) activity	{'GO:0000006': 0}	1.0
GO:0004366	F:glycerol-3-phosphate O-acyltransferase activity	{'GO:0000006': 0}	1.0
GO:0004367	F:glycerol-3-phosphate dehydrogenase [NAD+] activity	{'GO:0000006': 0}	1.0
GO:0004368	F:glycerol-3-phosphate dehydrogenase (quinone) activity	{'GO:0000006': 0}	1.0
GO:0004370	F:glycerol kinase activity	{'GO:0000006': 0}	1.0
GO:0004371	F:glycerone kinase activity	{'GO:0000006': 0}	1.0
GO:0004372	F:glycine hydroxymethyltransferase activity	{'GO:0000006': 0}	1.0
GO:0004373	F:glycogen (starch) synthase activity	{'GO:0000006': 0}	1.0
GO:0004375	F:glycine dehydrogenase (decarboxylating) activity	{'GO:0000006': 0}	1.0
GO:0004385	F:guanylate kinase activity	{'GO:0000006': 0}	1.0
GO:0004386	F:helicase activity	{'GO:0000006': 0}	1.0
GO:0004396	F:hexokinase activity	{'GO:0000006': 0}	1.0
GO:0004399	F:histidinol dehydrogenase activity	{'GO:0000006': 0}	1.0
GO:0004400	F:histidinol-phosphate transaminase activity	{'GO:0000006': 0}	1.0
GO:0004401	F:histidinol-phosphatase activity	{'GO:0000006': 0}	1.0
GO:0004412	F:homoserine dehydrogenase activity	{'GO:0000006': 0}	1.0
GO:0004413	F:homoserine kinase activity	{'GO:0000006': 0}	1.0
GO:0004414	F:homoserine O-acetyltransferase activity	{'GO:0000006': 0}	1.0
GO:0004416	F:hydroxyacylglutathione hydrolase activity	{'GO:0000006': 0}	1.0
GO:0004417	F:hydroxyethylthiazole kinase activity	{'GO:0000006': 0}	1.0
GO:0004418	F:hydroxymethylbilane synthase activity	{'GO:0000006': 0}	1.0
GO:0004422	F:hypoxanthine phosphoribosyltransferase activity	{'GO:0000006': 0}	1.0
GO:0004424	F:imidazoleglycerol-phosphate dehydratase activity	{'GO:0000006': 0}	1.0
GO:0004425	F:indole-3-glycerol-phosphate synthase activity	{'GO:0000006': 0}	1.0
GO:0004427	F:inorganic diphosphatase activity	{'GO:0000006': 0}	1.0
GO:0004450	F:isocitrate dehydrogenase (NADP+) activity	{'GO:0000006': 0}	1.0
GO:0004451	F:isocitrate lyase activity	{'GO:0000006': 0}	1.0
GO:0004452	F:isopentenyl-diphosphate delta-isomerase activity	{'GO:0000006': 0}	1.0
GO:0004455	F:ketol-acid reductoisomerase activity	{'GO:0000006': 0}	1.0
GO:0004456	F:phosphogluconate dehydratase activity	{'GO:0000006': 0}	1.0
GO:0004458	F:D-lactate dehydrogenase (cytochrome) activity	{'GO:0000006': 0}	1.0
GO:0004459	F:L-lactate dehydrogenase activity	{'GO:0000006': 0}	1.0
GO:0004462	F:lactoylglutathione lyase activity	{'GO:0000006': 0}	1.0
GO:0004466	F:long-chain-acyl-CoA dehydrogenase activity	{'GO:0000006': 0}	1.0
GO:0004467	F:long-chain fatty acid-CoA ligase activity	{'GO:0000006': 0}	1.0
GO:0004470	F:malic enzyme activity	{'GO:0000006': 0}	1.0
GO:0004471	F:malate dehydrogenase (decarboxylating) (NAD+) activity	{'GO:0000006': 0}	1.0
GO:0004473	F:malate dehydrogenase (decarboxylating) (NADP+) activity	{'GO:0000006': 0}	1.0
GO:0004474	F:malate synthase activity	{'GO:0000006': 0}	1.0
GO:0004475	F:mannose-1-phosphate guanylyltransferase activity	{'GO:0000006': 0}	1.0
GO:0004476	F:mannose-6-phosphate isomerase activity	{'GO:0000006': 0}	1.0
GO:0004477	F:methenyltetrahydrofolate cyclohydrolase activity	{'GO:0000006': 0}	1.0
GO:0004478	F:methionine adenosyltransferase activity	{'GO:0000006': 0}	1.0
GO:0004479	F:methionyl-tRNA formyltransferase activity	{'GO:0000006': 0}	1.0
GO:0004488	F:methylenetetrahydrofolate dehydrogenase (NADP+) activity	{'GO:0000006': 0}	1.0
GO:0004489	F:methylenetetrahydrofolate reductase (NAD(P)H) activity	{'GO:0000006': 0}	1.0
GO:0004492	F:methylmalonyl-CoA decarboxylase activity	{'GO:0000006': 0}	1.0
GO:0004494	F:methylmalonyl-CoA mutase activity	{'GO:0000006': 0}	1.0
GO:0004497	F:monooxygenase activity	{'GO:0000006': 0}	1.0
GO:0004514	F:nicotinate-nucleotide diphosphorylase (carboxylating) activity	{'GO:0000006': 0}	1.0
GO:0004515	F:nicotinate-nucleotide adenylyltransferase activity	{'GO:0000006': 0}	1.0
GO:0004516	F:nicotinate phosphoribosyltransferase activity	{'GO:0000006': 0}	1.0
GO:0004518	F:nuclease activity	{'GO:0000006': 0}	1.0
GO:0004519	F:endonuclease activity	{'GO:0000006': 0}	1.0
GO:0004520	F:endodeoxyribonuclease activity	{'GO:0000006': 0}	1.0
GO:0004521	F:endoribonuclease activity	{'GO:0000006': 0}	1.0
GO:0004523	F:RNA-DNA hybrid ribonuclease activity	{'GO:0000006': 0}	1.0
GO:0004525	F:ribonuclease III activity	{'GO:0000006': 0}	1.0
GO:0004526	F:ribonuclease P activity	{'GO:0000006': 0}	1.0
GO:0004527	F:exonuclease activity	{'GO:0000006': 0}	1.0
GO:0004529	F:exodeoxyribonuclease activity	{'GO:0000006': 0}	1.0
GO:0004530	F:deoxyribonuclease I activity	{'GO:0000006': 0}	1.0
GO:0004532	F:exoribonuclease activity	{'GO:0000006': 0}	1.0
GO:0004534	F:5'-3' exoribonuclease activity	{'GO:0000006': 0}	1.0
GO:0004536	F:deoxyribonuclease activity	{'GO:0000006': 0}	1.0
GO:0004540	F:ribonuclease activity	{'GO:0000006': 0}	1.0
GO:0004550	F:nucleoside diphosphate kinase activity	{'GO:0000006': 0}	1.0
GO:0004553	F:hydrolase activity, hydrolyzing O-glycosyl compounds	{'GO:0000006': 0}	1.0
GO:0004555	F:alpha,alpha-trehalase activity	{'GO:0000006': 0}	1.0
GO:0004556	F:alpha-amylase activity	{'GO:0000006': 0}	1.0
GO:0004557	F:alpha-galactosidase activity	{'GO:0000006': 0}	1.0
GO:0004558	F:alpha-1,4-glucosidase activity	{'GO:0000006': 0}	1.0
GO:0004559	F:alpha-mannosidase activity	{'GO:0000006': 0}	1.0
GO:0004563	F:beta-N-acetylhexosaminidase activity	{'GO:0000006': 0}	1.0
GO:0004565	F:beta-galactosidase activity	{'GO:0000006': 0}	1.0
GO:0004566	F:beta-glucuronidase activity	{'GO:0000006': 0}	1.0
GO:0004585	F:ornithine carbamoyltransferase activity	{'GO:0000006': 0}	1.0
GO:0004586	F:ornithine decarboxylase activity	{'GO:0000006': 0}	1.0
GO:0004588	F:orotate phosphoribosyltransferase activity	{'GO:0000006': 0}	1.0
GO:0004590	F:orotidine-5'-phosphate decarboxylase activity	{'GO:0000006': 0}	1.0
GO:0004591	F:oxoglutarate dehydrogenase (succinyl-transferring) activity	{'GO:0000006': 0}	1.0
GO:0004592	F:pantoate-beta-alanine ligase activity	{'GO:0000006': 0}	1.0
GO:0004594	F:pantothenate kinase activity	{'GO:0000006': 0}	1.0
GO:0004595	F:pantetheine-phosphate adenylyltransferase activity	{'GO:0000006': 0}	1.0
GO:0004596	F:peptide alpha-N-acetyltransferase activity	{'GO:0000006': 0}	1.0
GO:0004601	F:peroxidase activity	{'GO:0000006': 0}	1.0
GO:0004602	F:glutathione peroxidase activity	{'GO:0000006': 0}	1.0
GO:0004604	F:phosphoadenylyl-sulfate reductase (thioredoxin) activity	{'GO:0000006': 0}	1.0
GO:0004605	F:phosphatidate cytidylyltransferase activity	{'GO:0000006': 0}	1.0
GO:0004609	F:phosphatidylserine decarboxylase activity	{'GO:0000006': 0}	1.0
GO:0004612	F:phosphoenolpyruvate carboxykinase (ATP) activity	{'GO:0000006': 0}	1.0
GO:0004614	F:phosphoglucomutase activity	{'GO:0000006': 0}	1.0
GO:0004615	F:phosphomannomutase activity	{'GO:0000006': 0}	1.0
GO:0004616	F:phosphogluconate dehydrogenase (decarboxylating) activity	{'GO:0000006': 0}	1.0
GO:0004617	F:phosphoglycerate dehydrogenase activity	{'GO:0000006': 0}	1.0
GO:0004618	F:phosphoglycerate kinase activity	{'GO:0000006': 0}	1.0
GO:0004619	F:phosphoglycerate mutase activity	{'GO:0000006': 0}	1.0
GO:0004620	F:phospholipase activity	{'GO:0000006': 0}	1.0
GO:0004622	F:lysophospholipase activity	{'GO:0000006': 0}	1.0
GO:0004623	F:phospholipase A2 activity	{'GO:0000006': 0}	1.0
GO:0004630	F:phospholipase D activity	{'GO:0000006': 0}	1.0
GO:0004632	F:phosphopantothenate--cysteine ligase activity	{'GO:0000006': 0}	1.0
GO:0004633	F:phosphopantothenoylcysteine decarboxylase activity	{'GO:0000006': 0}	1.0
GO:0004634	F:phosphopyruvate hydratase activity	{'GO:0000006': 0}	1.0
GO:0004635	F:phosphoribosyl-AMP cyclohydrolase activity	{'GO:0000006': 0}	1.0
GO:0004636	F:phosphoribosyl-ATP diphosphatase activity	{'GO:0000006': 0}	1.0
GO:0004637	F:phosphoribosylamine-glycine ligase activity	{'GO:0000006': 0}	1.0
GO:0004638	F:phosphoribosylaminoimidazole carboxylase activity	{'GO:0000006': 0}	1.0
GO:0004639	F:phosphoribosylaminoimidazolesuccinocarboxamide synthase activity	{'GO:0000006': 0}	1.0
GO:0004640	F:phosphoribosylanthranilate isomerase activity	{'GO:0000006': 0}	1.0
GO:0004641	F:phosphoribosylformylglycinamidine cyclo-ligase activity	{'GO:0000006': 0}	1.0
GO:0004642	F:phosphoribosylformylglycinamidine synthase activity	{'GO:0000006': 0}	1.0
GO:0004643	F:phosphoribosylaminoimidazolecarboxamide formyltransferase activity	{'GO:0000006': 0}	1.0
GO:0004644	F:phosphoribosylglycinamide formyltransferase activity	{'GO:0000006': 0}	1.0
GO:0004645	F:1,4-alpha-oligoglucan phosphorylase activity	{'GO:0000006': 0}	1.0
GO:0004647	F:phosphoserine phosphatase activity	{'GO:0000006': 0}	1.0
GO:0004648	F:O-phospho-L-serine:2-oxoglutarate aminotransferase activity	{'GO:0000006': 0}	1.0
GO:0004652	F:polynucleotide adenylyltransferase activity	{'GO:0000006': 0}	1.0
GO:0004654	F:polyribonucleotide nucleotidyltransferase activity	{'GO:0000006': 0}	1.0
GO:0004655	F:porphobilinogen synthase activity	{'GO:0000006': 0}	1.0
GO:0004657	F:proline dehydrogenase activity	{'GO:0000006': 0}	1.0
GO:0004659	F:prenyltransferase activity	{'GO:0000006': 0}	1.0
GO:0004664	F:prephenate dehydratase activity	{'GO:0000006': 0}	1.0
GO:0004665	F:prephenate dehydrogenase (NADP+) activity	{'GO:0000006': 0}	1.0
GO:0004672	F:protein kinase activity	{'GO:0000006': 0}	1.0
GO:0004673	F:protein histidine kinase activity	{'GO:0000006': 0}	1.0
GO:0004674	F:protein serine/threonine kinase activity	{'GO:0000006': 0}	1.0
GO:0004713	F:protein tyrosine kinase activity	{'GO:0000006': 0}	1.0
GO:0004719	F:protein-L-isoaspartate (D-aspartate) O-methyltransferase activity	{'GO:0000006': 0}	1.0
GO:0004721	F:phosphoprotein phosphatase activity	{'GO:0000006': 0}	1.0
GO:0004722	F:protein serine/threonine phosphatase activity	{'GO:0000006': 0}	1.0
GO:0004725	F:protein tyrosine phosphatase activity	{'GO:0000006': 0}	1.0
GO:0004729	F:oxygen-dependent protoporphyrinogen oxidase activity	{'GO:0000006': 0}	1.0
GO:0004730	F:pseudouridylate synthase activity	{'GO:0000006': 0}	1.0
GO:0004731	F:purine-nucleoside phosphorylase activity	{'GO:0000006': 0}	1.0
GO:0004733	F:pyridoxamine-phosphate oxidase activity	{'GO:0000006': 0}	1.0
GO:0004735	F:pyrroline-5-carboxylate reductase activity	{'GO:0000006': 0}	1.0
GO:0004738	F:pyruvate dehydrogenase activity	{'GO:0000006': 0}	1.0
GO:0004739	F:pyruvate dehydrogenase (acetyl-transferring) activity	{'GO:0000006': 0}	1.0
GO:0004742	F:dihydrolipoyllysine-residue acetyltransferase activity	{'GO:0000006': 0}	1.0
GO:0004743	F:pyruvate kinase activity	{'GO:0000006': 0}	1.0
GO:0004746	F:riboflavin synthase activity	{'GO:0000006': 0}	1.0
GO:0004747	F:ribokinase activity	{'GO:0000006': 0}	1.0
GO:0004748	F:ribonucleoside-diphosphate reductase activity, thioredoxin disulfide as acceptor	{'GO:0000006': 0}	1.0
GO:0004749	F:ribose phosphate diphosphokinase activity	{'GO:0000006': 0}	1.0
GO:0004750	F:ribulose-phosphate 3-epimerase activity	{'GO:0000006': 0}	1.0
GO:0004751	F:ribose-5-phosphate isomerase activity	{'GO:0000006': 0}	1.0
GO:0004756	F:selenide, water dikinase activity	{'GO:0000006': 0}	1.0
GO:0004764	F:shikimate 3-dehydrogenase (NADP+) activity	{'GO:0000006': 0}	1.0
GO:0004765	F:shikimate kinase activity	{'GO:0000006': 0}	1.0
GO:0004766	F:spermidine synthase activity	{'GO:0000006': 0}	1.0
GO:0004775	F:succinate-CoA ligase (ADP-forming) activity	{'GO:0000006': 0}	1.0
GO:0004776	F:succinate-CoA ligase (GDP-forming) activity	{'GO:0000006': 0}	1.0
GO:0004777	F:succinate-semialdehyde dehydrogenase (NAD+) activity	{'GO:0000006': 0}	1.0
GO:0004781	F:sulfate adenylyltransferase (ATP) activity	{'GO:0000006': 0}	1.0
GO:0004783	F:sulfite reductase (NADPH) activity	{'GO:0000006': 0}	1.0
GO:0004784	F:superoxide dismutase activity	{'GO:0000006': 0}	1.0
GO:0004787	F:thiamine-pyrophosphatase activity	{'GO:0000006': 0}	1.0
GO:0004789	F:thiamine-phosphate diphosphorylase activity	{'GO:0000006': 0}	1.0
GO:0004791	F:thioredoxin-disulfide reductase activity	{'GO:0000006': 0}	1.0
GO:0004792	F:thiosulfate sulfurtransferase activity	{'GO:0000006': 0}	1.0
GO:0004793	F:threonine aldolase activity	{'GO:0000006': 0}	1.0
GO:0004794	F:L-threonine ammonia-lyase activity	{'GO:0000006': 0}	1.0
GO:0004795	F:threonine synthase activity	{'GO:0000006': 0}	1.0
GO:0004797	F:thymidine kinase activity	{'GO:0000006': 0}	1.0
GO:0004798	F:thymidylate kinase activity	{'GO:0000006': 0}	1.0
GO:0004799	F:thymidylate synthase activity	{'GO:0000006': 0}	1.0
GO:0004801	F:sedoheptulose-7-phosphate:D-glyceraldehyde-3-phosphate glyceronetransferase activity	{'GO:0000006': 0}	1.0
GO:0004802	F:transketolase activity	{'GO:0000006': 0}	1.0
GO:0004803	F:transposase activity	{'GO:0000006': 0}	1.0
GO:0004805	F:trehalose-phosphatase activity	{'GO:0000006': 0}	1.0
GO:0004807	F:triose-phosphate isomerase activity	{'GO:0000006': 0}	1.0
GO:0004808	F:tRNA (5-methylaminomethyl-2-thiouridylate)-methyltransferase activity	{'GO:0000006': 0}	1.0
GO:0004810	F:tRNA adenylyltransferase activity	{'GO:0000006': 0}	1.0
GO:0004812	F:aminoacyl-tRNA ligase activity	{'GO:0000006': 0}	1.0
GO:0004813	F:alanine-tRNA ligase activity	{'GO:0000006': 0}	1.0
GO:0004814	F:arginine-tRNA ligase activity	{'GO:0000006': 0}	1.0
GO:0004815	F:aspartate-tRNA ligase activity	{'GO:0000006': 0}	1.0
GO:0004816	F:asparagine-tRNA ligase activity	{'GO:0000006': 0}	1.0
GO:0004817	F:cysteine-tRNA ligase activity	{'GO:0000006': 0}	1.0
GO:0004818	F:glutamate-tRNA ligase activity	{'GO:0000006': 0}	1.0
GO:0004819	F:glutamine-tRNA ligase activity	{'GO:0000006': 0}	1.0
GO:0004820	F:glycine-tRNA ligase activity	{'GO:0000006': 0}	1.0
GO:0004821	F:histidine-tRNA ligase activity	{'GO:0000006': 0}	1.0
GO:0004822	F:isoleucine-tRNA ligase activity	{'GO:0000006': 0}	1.0
GO:0004823	F:leucine-tRNA ligase activity	{'GO:0000006': 0}	1.0
GO:0004824	F:lysine-tRNA ligase activity	{'GO:0000006': 0}	1.0
GO:0004825	F:methionine-tRNA ligase activity	{'GO:0000006': 0}	1.0
GO:0004826	F:phenylalanine-tRNA ligase activity	{'GO:0000006': 0}	1.0
GO:0004827	F:proline-tRNA ligase activity	{'GO:0000006': 0}	1.0
GO:0004828	F:serine-tRNA ligase activity	{'GO:0000006': 0}	1.0
GO:0004829	F:threonine-tRNA ligase activity	{'GO:0000006': 0}	1.0
GO:0004830	F:tryptophan-tRNA ligase activity	{'GO:0000006': 0}	1.0
GO:0004831	F:tyrosine-tRNA ligase activity	{'GO:0000006': 0}	1.0
GO:0004832	F:valine-tRNA ligase activity	{'GO:0000006': 0}	1.0
GO:0004834	F:tryptophan synthase activity	{'GO:0000006': 0}	1.0
GO:0004838	F:L-tyrosine:2-oxoglutarate aminotransferase activity	{'GO:0000006': 0}	1.0
GO:0004844	F:uracil DNA N-glycosylase activity	{'GO:0000006': 0}	1.0
GO:0004845	F:uracil phosphoribosyltransferase activity	{'GO:0000006': 0}	1.0
GO:0004848	F:ureidoglycolate hydrolase activity	{'GO:0000006': 0}	1.0
GO:0004849	F:uridine kinase activity	{'GO:0000006': 0}	1.0
GO:0004850	F:uridine phosphorylase activity	{'GO:0000006': 0}	1.0
GO:0004851	F:uroporphyrin-III C-methyltransferase activity	{'GO:0000006': 0}	1.0
GO:0004852	F:uroporphyrinogen-III synthase activity	{'GO:0000006': 0}	1.0
GO:0004853	F:uroporphyrinogen decarboxylase activity	{'GO:0000006': 0}	1.0
GO:0004854	F:xanthine dehydrogenase activity	{'GO:0000006': 0}	1.0
GO:0004856	F:xylulokinase activity	{'GO:0000006': 0}	1.0
GO:0004857	F:enzyme inhibitor activity	{'GO:0000006': 0}	1.0
GO:0004860	F:protein kinase inhibitor activity	{'GO:0000006': 0}	1.0
GO:0004866	F:endopeptidase inhibitor activity	{'GO:0000006': 0}	1.0
GO:0004867	F:serine-type endopeptidase inhibitor activity	{'GO:0000006': 0}	1.0
GO:0004888	F:transmembrane signaling receptor activity	{'GO:0000006': 0}	1.0
GO:0005034	F:osmosensor activity	{'GO:0000006': 0}	1.0
GO:0005047	F:signal recognition particle binding	{'GO:0000006': 0}	1.0
GO:0005048	F:signal sequence binding	{'GO:0000006': 0}	1.0
GO:0005085	F:guanyl-nucleotide exchange factor activity	{'GO:0000006': 0}	1.0
GO:0005096	F:GTPase activator activity	{'GO:0000006': 0}	1.0
GO:0005198	F:structural molecule activity	{'GO:0000006': 0}	1.0
GO:0005216	F:ion channel activity	{'GO:0000006': 0}	1.0
GO:0005247	F:voltage-gated chloride channel activity	{'GO:0000006': 0}	1.0
GO:0005253	F:anion channel activity	{'GO:0000006': 0}	1.0
GO:0005262	F:calcium channel activity	{'GO:0000006': 0}	1.0
GO:0005267	F:potassium channel activity	{'GO:0000006': 0}	1.0
GO:0005275	F:amine transmembrane transporter activity	{'GO:0000006': 0}	1.0
GO:0005280	F:amino acid:proton symporter activity	{'GO:0000006': 0}	1.0
GO:0005291	F:high-affinity L-histidine transmembrane transporter activity	{'GO:0000006': 0}	1.0
GO:0005294	F:neutral L-amino acid secondary active transmembrane transporter activity	{'GO:0000006': 0}	1.0
GO:0005295	F:neutral amino acid:sodium symporter activity	{'GO:0000006': 0}	1.0
GO:0005297	F:proline:proton symporter activity	{'GO:0000006': 0}	1.0
GO:0005298	F:proline:sodium symporter activity	{'GO:0000006': 0}	1.0
GO:0005300	F:high-affinity tryptophan transmembrane transporter activity	{'GO:0000006': 0}	1.0
GO:0005302	F:L-tyrosine transmembrane transporter activity	{'GO:0000006': 0}	1.0
GO:0005304	F:L-valine transmembrane transporter activity	{'GO:0000006': 0}	1.0
GO:0005315	F:inorganic phosphate transmembrane transporter activity	{'GO:0000006': 0}	1.0
GO:0005337	F:nucleoside transmembrane transporter activity	{'GO:0000006': 0}	1.0
GO:0005344	F:oxygen carrier activity	{'GO:0000006': 0}	1.0
GO:0005345	F:purine nucleobase transmembrane transporter activity	{'GO:0000006': 0}	1.0
GO:0005350	F:pyrimidine nucleobase transmembrane transporter activity	{'GO:0000006': 0}	1.0
GO:0005351	F:carbohydrate:proton symporter activity	{'GO:0000006': 0}	1.0
GO:0005354	F:galactose transmembrane transporter activity	{'GO:0000006': 0}	1.0
GO:0005355	F:glucose transmembrane transporter activity	{'GO:0000006': 0}	1.0
GO:0005368	F:taurine transmembrane transporter activity	{'GO:0000006': 0}	1.0
GO:0005375	F:copper ion transmembrane transporter activity	{'GO:0000006': 0}	1.0
GO:0005384	F:manganese ion transmembrane transporter activity	{'GO:0000006': 0}	1.0
GO:0005385	F:zinc ion transmembrane transporter activity	{'GO:0000006': 0}	1.0
GO:0005402	F:carbohydrate:cation symporter activity	{'GO:0000006': 0}	1.0
GO:0005412	F:glucose:sodium symporter activity	{'GO:0000006': 0}	1.0
GO:0005436	F:sodium:phosphate symporter activity	{'GO:0000006': 0}	1.0
GO:0005452	F:inorganic anion exchanger activity	{'GO:0000006': 0}	1.0
GO:0005469	F:succinate:fumarate antiporter activity	{'GO:0000006': 0}	1.0
GO:0005477	F:pyruvate secondary active transmembrane transporter activity	{'GO:0000006': 0}	1.0
GO:0005504	F:fatty acid binding	{'GO:0000006': 0}	1.0
GO:0005506	F:iron ion binding	{'GO:0000006': 0}	1.0
GO:0005507	F:copper ion binding	{'GO:0000006': 0}	1.0
GO:0005509	F:calcium ion binding	{'GO:0000006': 0}	1.0
GO:0005524	F:ATP binding	{'GO:0000006': 0}	1.0
GO:0005525	F:GTP binding	{'GO:0000006': 0}	1.0
GO:0005528	F:FK506 binding	{'GO:0000006': 0}	1.0
GO:0005534	F:galactose binding	{'GO:0000006': 0}	1.0
GO:0005536	F:glucose binding	{'GO:0000006': 0}	1.0
GO:0005537	F:mannose binding	{'GO:0000006': 0}	1.0
GO:0005542	F:folic acid binding	{'GO:0000006': 0}	1.0
GO:0005543	F:phospholipid binding	{'GO:0000006': 0}	1.0
GO:0005548	F:phospholipid transporter activity	{'GO:0000006': 0}	1.0
GO:0005576	C:extracellular region	{'GO:0000006': 0}	1.0
GO:0005615	C:extracellular space	{'GO:0000006': 0}	1.0
GO:0005618	C:cell wall	{'GO:0000006': 0}	1.0
GO:0005634	C:nucleus	{'GO:0000006': 0}	1.0
GO:0005694	C:chromosome	{'GO:0000006': 0}	1.0
GO:0005737	C:cytoplasm	{'GO:0000006': 0}	1.0
GO:0005829	C:cytosol	{'GO:0000006': 0}	1.0
GO:0005839	C:proteasome core complex	{'GO:0000006': 0}	1.0
GO:0005840	C:ribosome	{'GO:0000006': 0}	1.0
GO:0005844	C:polysome	{'GO:0000006': 0}	1.0
GO:0005856	C:cytoskeleton	{'GO:0000006': 0}	1.0
GO:0005886	C:plasma membrane	{'GO:0000006': 0}	1.0
GO:0005887	C:integral component of plasma membrane	{'GO:0000006': 0}	1.0
GO:0005945	C:6-phosphofructokinase complex	{'GO:0000006': 0}	1.0
GO:0005948	C:acetolactate synthase complex	{'GO:0000006': 0}	1.0
GO:0005951	C:carbamoyl-phosphate synthase complex	{'GO:0000006': 0}	1.0
GO:0005960	C:glycine cleavage complex	{'GO:0000006': 0}	1.0
GO:0005971	C:ribonucleoside-diphosphate reductase complex	{'GO:0000006': 0}	1.0
GO:0005975	P:carbohydrate metabolic process	{'GO:0000006': 0}	1.0
GO:0005978	P:glycogen biosynthetic process	{'GO:0000006': 0}	1.0
GO:0005980	P:glycogen catabolic process	{'GO:0000006': 0}	1.0
GO:0005986	P:sucrose biosynthetic process	{'GO:0000006': 0}	1.0
GO:0005989	P:lactose biosynthetic process	{'GO:0000006': 0}	1.0
GO:0005990	P:lactose catabolic process	{'GO:0000006': 0}	1.0
GO:0005991	P:trehalose metabolic process	{'GO:0000006': 0}	1.0
GO:0005992	P:trehalose biosynthetic process	{'GO:0000006': 0}	1.0
GO:0005993	P:trehalose catabolic process	{'GO:0000006': 0}	1.0
GO:0005995	P:melibiose catabolic process	{'GO:0000006': 0}	1.0
GO:0005998	P:xylulose catabolic process	{'GO:0000006': 0}	1.0
GO:0006000	P:fructose metabolic process	{'GO:0000006': 0}	1.0
GO:0006001	P:fructose catabolic process	{'GO:0000006': 0}	1.0
GO:0006002	P:fructose 6-phosphate metabolic process	{'GO:0000006': 0}	1.0
GO:0006004	P:fucose metabolic process	{'GO:0000006': 0}	1.0
GO:0006006	P:glucose metabolic process	{'GO:0000006': 0}	1.0
GO:0006007	P:glucose catabolic process	{'GO:0000006': 0}	1.0
GO:0006011	P:UDP-glucose metabolic process	{'GO:0000006': 0}	1.0
GO:0006012	P:galactose metabolic process	{'GO:0000006': 0}	1.0
GO:0006013	P:mannose metabolic process	{'GO:0000006': 0}	1.0
GO:0006014	P:D-ribose metabolic process	{'GO:0000006': 0}	1.0
GO:0006015	P:5-phosphoribose 1-diphosphate biosynthetic process	{'GO:0000006': 0}	1.0
GO:0006020	P:inositol metabolic process	{'GO:0000006': 0}	1.0
GO:0006032	P:chitin catabolic process	{'GO:0000006': 0}	1.0
GO:0006040	P:amino sugar metabolic process	{'GO:0000006': 0}	1.0
GO:0006043	P:glucosamine catabolic process	{'GO:0000006': 0}	1.0
GO:0006044	P:N-acetylglucosamine metabolic process	{'GO:0000006': 0}	1.0
GO:0006046	P:N-acetylglucosamine catabolic process	{'GO:0000006': 0}	1.0
GO:0006047	P:UDP-N-acetylglucosamine metabolic process	{'GO:0000006': 0}	1.0
GO:0006048	P:UDP-N-acetylglucosamine biosynthetic process	{'GO:0000006': 0}	1.0
GO:0006051	P:N-acetylmannosamine metabolic process	{'GO:0000006': 0}	1.0
GO:0006053	P:N-acetylmannosamine catabolic process	{'GO:0000006': 0}	1.0
GO:0006054	P:N-acetylneuraminate metabolic process	{'GO:0000006': 0}	1.0
GO:0006062	P:sorbitol catabolic process	{'GO:0000006': 0}	1.0
GO:0006065	P:UDP-glucuronate biosynthetic process	{'GO:0000006': 0}	1.0
GO:0006069	P:ethanol oxidation	{'GO:0000006': 0}	1.0
GO:0006071	P:glycerol metabolic process	{'GO:0000006': 0}	1.0
GO:0006072	P:glycerol-3-phosphate metabolic process	{'GO:0000006': 0}	1.0
GO:0006083	P:acetate metabolic process	{'GO:0000006': 0}	1.0
GO:0006084	P:acetyl-CoA metabolic process	{'GO:0000006': 0}	1.0
GO:0006085	P:acetyl-CoA biosynthetic process	{'GO:0000006': 0}	1.0
GO:0006086	P:acetyl-CoA biosynthetic process from pyruvate	{'GO:0000006': 0}	1.0
GO:0006090	P:pyruvate metabolic process	{'GO:0000006': 0}	1.0
GO:0006094	P:gluconeogenesis	{'GO:0000006': 0}	1.0
GO:0006096	P:glycolytic process	{'GO:0000006': 0}	1.0
GO:0006097	P:glyoxylate cycle	{'GO:0000006': 0}	1.0
GO:0006098	P:pentose-phosphate shunt	{'GO:0000006': 0}	1.0
GO:0006099	P:tricarboxylic acid cycle	{'GO:0000006': 0}	1.0
GO:0006101	P:citrate metabolic process	{'GO:0000006': 0}	1.0
GO:0006103	P:2-oxoglutarate metabolic process	{'GO:0000006': 0}	1.0
GO:0006104	P:succinyl-CoA metabolic process	{'GO:0000006': 0}	1.0
GO:0006105	P:succinate metabolic process	{'GO:0000006': 0}	1.0
GO:0006106	P:fumarate metabolic process	{'GO:0000006': 0}	1.0
GO:0006107	P:oxaloacetate metabolic process	{'GO:0000006': 0}	1.0
GO:0006108	P:malate metabolic process	{'GO:0000006': 0}	1.0
GO:0006113	P:fermentation	{'GO:0000006': 0}	1.0
GO:0006115	P:ethanol biosynthetic process	{'GO:0000006': 0}	1.0
GO:0006119	P:oxidative phosphorylation	{'GO:0000006': 0}	1.0
GO:0006124	P:ferredoxin metabolic process	{'GO:0000006': 0}	1.0
GO:0006139	P:nucleobase-containing compound metabolic process	{'GO:0000006': 0}	1.0
GO:0006144	P:purine nucleobase metabolic process	{'GO:0000006': 0}	1.0
GO:0006145	P:purine nucleobase catabolic process	{'GO:0000006': 0}	1.0
GO:0006146	P:adenine catabolic process	{'GO:0000006': 0}	1.0
GO:0006147	P:guanine catabolic process	{'GO:0000006': 0}	1.0
GO:0006148	P:inosine catabolic process	{'GO:0000006': 0}	1.0
GO:0006149	P:deoxyinosine catabolic process	{'GO:0000006': 0}	1.0
GO:0006150	P:hypoxanthine oxidation	{'GO:0000006': 0}	1.0
GO:0006152	P:purine nucleoside catabolic process	{'GO:0000006': 0}	1.0
GO:0006154	P:adenosine catabolic process	{'GO:0000006': 0}	1.0
GO:0006161	P:deoxyguanosine catabolic process	{'GO:0000006': 0}	1.0
GO:0006163	P:purine nucleotide metabolic process	{'GO:0000006': 0}	1.0
GO:0006164	P:purine nucleotide biosynthetic process	{'GO:0000006': 0}	1.0
GO:0006166	P:purine ribonucleoside salvage	{'GO:0000006': 0}	1.0
GO:0006168	P:adenine salvage	{'GO:0000006': 0}	1.0
GO:0006171	P:cAMP biosynthetic process	{'GO:0000006': 0}	1.0
GO:0006172	P:ADP biosynthetic process	{'GO:0000006': 0}	1.0
GO:0006177	P:GMP biosynthetic process	{'GO:0000006': 0}	1.0
GO:0006178	P:guanine salvage	{'GO:0000006': 0}	1.0
GO:0006183	P:GTP biosynthetic process	{'GO:0000006': 0}	1.0
GO:0006189	P:'de novo' IMP biosynthetic process	{'GO:0000006': 0}	1.0
GO:0006203	P:dGTP catabolic process	{'GO:0000006': 0}	1.0
GO:0006206	P:pyrimidine nucleobase metabolic process	{'GO:0000006': 0}	1.0
GO:0006207	P:'de novo' pyrimidine nucleobase biosynthetic process	{'GO:0000006': 0}	1.0
GO:0006208	P:pyrimidine nucleobase catabolic process	{'GO:0000006': 0}	1.0
GO:0006209	P:cytosine catabolic process	{'GO:0000006': 0}	1.0
GO:0006210	P:thymine catabolic process	{'GO:0000006': 0}	1.0
GO:0006212	P:uracil catabolic process	{'GO:0000006': 0}	1.0
GO:0006213	P:pyrimidine nucleoside metabolic process	{'GO:0000006': 0}	1.0
GO:0006217	P:deoxycytidine catabolic process	{'GO:0000006': 0}	1.0
GO:0006218	P:uridine catabolic process	{'GO:0000006': 0}	1.0
GO:0006220	P:pyrimidine nucleotide metabolic process	{'GO:0000006': 0}	1.0
GO:0006221	P:pyrimidine nucleotide biosynthetic process	{'GO:0000006': 0}	1.0
GO:0006223	P:uracil salvage	{'GO:0000006': 0}	1.0
GO:0006225	P:UDP biosynthetic process	{'GO:0000006': 0}	1.0
GO:0006226	P:dUMP biosynthetic process	{'GO:0000006': 0}	1.0
GO:0006227	P:dUDP biosynthetic process	{'GO:0000006': 0}	1.0
GO:0006228	P:UTP biosynthetic process	{'GO:0000006': 0}	1.0
GO:0006229	P:dUTP biosynthetic process	{'GO:0000006': 0}	1.0
GO:0006231	P:dTMP biosynthetic process	{'GO:0000006': 0}	1.0
GO:0006233	P:dTDP biosynthetic process	{'GO:0000006': 0}	1.0
GO:0006235	P:dTTP biosynthetic process	{'GO:0000006': 0}	1.0
GO:0006241	P:CTP biosynthetic process	{'GO:0000006': 0}	1.0
GO:0006259	P:DNA metabolic process	{'GO:0000006': 0}	1.0
GO:0006260	P:DNA replication	{'GO:0000006': 0}	1.0
GO:0006261	P:DNA-dependent DNA replication	{'GO:0000006': 0}	1.0
GO:0006265	P:DNA topological change	{'GO:0000006': 0}	1.0
GO:0006266	P:DNA ligation	{'GO:0000006': 0}	1.0
GO:0006267	P:pre-replicative complex assembly involved in nuclear cell cycle DNA replication	{'GO:0000006': 0}	1.0
GO:0006268	P:DNA unwinding involved in DNA replication	{'GO:0000006': 0}	1.0
GO:0006269	P:DNA replication, synthesis of RNA primer	{'GO:0000006': 0}	1.0
GO:0006270	P:DNA replication initiation	{'GO:0000006': 0}	1.0
GO:0006271	P:DNA strand elongation involved in DNA replication	{'GO:0000006': 0}	1.0
GO:0006274	P:DNA replication termination	{'GO:0000006': 0}	1.0
GO:0006275	P:regulation of DNA replication	{'GO:0000006': 0}	1.0
GO:0006276	P:plasmid maintenance	{'GO:0000006': 0}	1.0
GO:0006281	P:DNA repair	{'GO:0000006': 0}	1.0
GO:0006282	P:regulation of DNA repair	{'GO:0000006': 0}	1.0
GO:0006283	P:transcription-coupled nucleotide-excision repair	{'GO:0000006': 0}	1.0
GO:0006284	P:base-excision repair	{'GO:0000006': 0}	1.0
GO:0006285	P:base-excision repair, AP site formation	{'GO:0000006': 0}	1.0
GO:0006288	P:base-excision repair, DNA ligation	{'GO:0000006': 0}	1.0
GO:0006289	P:nucleotide-excision repair	{'GO:0000006': 0}	1.0
GO:0006298	P:mismatch repair	{'GO:0000006': 0}	1.0
GO:0006301	P:postreplication repair	{'GO:0000006': 0}	1.0
GO:0006302	P:double-strand break repair	{'GO:0000006': 0}	1.0
GO:0006304	P:DNA modification	{'GO:0000006': 0}	1.0
GO:0006307	P:DNA dealkylation involved in DNA repair	{'GO:0000006': 0}	1.0
GO:0006308	P:DNA catabolic process	{'GO:0000006': 0}	1.0
GO:0006310	P:DNA recombination	{'GO:0000006': 0}	1.0
GO:0006313	P:transposition, DNA-mediated	{'GO:0000006': 0}	1.0
GO:0006351	P:transcription, DNA-templated	{'GO:0000006': 0}	1.0
GO:0006352	P:DNA-templated transcription, initiation	{'GO:0000006': 0}	1.0
GO:0006353	P:DNA-templated transcription, termination	{'GO:0000006': 0}	1.0
GO:0006354	P:DNA-templated transcription, elongation	{'GO:0000006': 0}	1.0
GO:0006355	P:regulation of transcription, DNA-templated	{'GO:0000006': 0}	1.0
GO:0006364	P:rRNA processing	{'GO:0000006': 0}	1.0
GO:0006378	P:mRNA polyadenylation	{'GO:0000006': 0}	1.0
GO:0006382	P:adenosine to inosine editing	{'GO:0000006': 0}	1.0
GO:0006388	P:tRNA splicing, via endonucleolytic cleavage and ligation	{'GO:0000006': 0}	1.0
GO:0006396	P:RNA processing	{'GO:0000006': 0}	1.0
GO:0006397	P:mRNA processing	{'GO:0000006': 0}	1.0
GO:0006399	P:tRNA metabolic process	{'GO:0000006': 0}	1.0
GO:0006400	P:tRNA modification	{'GO:0000006': 0}	1.0
GO:0006401	P:RNA catabolic process	{'GO:0000006': 0}	1.0
GO:0006402	P:mRNA catabolic process	{'GO:0000006': 0}	1.0
GO:0006412	P:translation	{'GO:0000006': 0}	1.0
GO:0006413	P:translational initiation	{'GO:0000006': 0}	1.0
GO:0006414	P:translational elongation	{'GO:0000006': 0}	1.0
GO:0006415	P:translational termination	{'GO:0000006': 0}	1.0
GO:0006417	P:regulation of translation	{'GO:0000006': 0}	1.0
GO:0006418	P:tRNA aminoacylation for protein translation	{'GO:0000006': 0}	1.0
GO:0006419	P:alanyl-tRNA aminoacylation	{'GO:0000006': 0}	1.0
GO:0006420	P:arginyl-tRNA aminoacylation	{'GO:0000006': 0}	1.0
GO:0006421	P:asparaginyl-tRNA aminoacylation	{'GO:0000006': 0}	1.0
GO:0006422	P:aspartyl-tRNA aminoacylation	{'GO:0000006': 0}	1.0
GO:0006423	P:cysteinyl-tRNA aminoacylation	{'GO:0000006': 0}	1.0
GO:0006424	P:glutamyl-tRNA aminoacylation	{'GO:0000006': 0}	1.0
GO:0006425	P:glutaminyl-tRNA aminoacylation	{'GO:0000006': 0}	1.0
GO:0006426	P:glycyl-tRNA aminoacylation	{'GO:0000006': 0}	1.0
GO:0006427	P:histidyl-tRNA aminoacylation	{'GO:0000006': 0}	1.0
GO:0006428	P:isoleucyl-tRNA aminoacylation	{'GO:0000006': 0}	1.0
GO:0006429	P:leucyl-tRNA aminoacylation	{'GO:0000006': 0}	1.0
GO:0006430	P:lysyl-tRNA aminoacylation	{'GO:0000006': 0}	1.0
GO:0006431	P:methionyl-tRNA aminoacylation	{'GO:0000006': 0}	1.0
GO:0006432	P:phenylalanyl-tRNA aminoacylation	{'GO:0000006': 0}	1.0
GO:0006433	P:prolyl-tRNA aminoacylation	{'GO:0000006': 0}	1.0
GO:0006434	P:seryl-tRNA aminoacylation	{'GO:0000006': 0}	1.0
GO:0006435	P:threonyl-tRNA aminoacylation	{'GO:0000006': 0}	1.0
GO:0006436	P:tryptophanyl-tRNA aminoacylation	{'GO:0000006': 0}	1.0
GO:0006437	P:tyrosyl-tRNA aminoacylation	{'GO:0000006': 0}	1.0
GO:0006438	P:valyl-tRNA aminoacylation	{'GO:0000006': 0}	1.0
GO:0006448	P:regulation of translational elongation	{'GO:0000006': 0}	1.0
GO:0006449	P:regulation of translational termination	{'GO:0000006': 0}	1.0
GO:0006450	P:regulation of translational fidelity	{'GO:0000006': 0}	1.0
GO:0006457	P:protein folding	{'GO:0000006': 0}	1.0
GO:0006464	P:cellular protein modification process	{'GO:0000006': 0}	1.0
GO:0006465	P:signal peptide processing	{'GO:0000006': 0}	1.0
GO:0006468	P:protein phosphorylation	{'GO:0000006': 0}	1.0
GO:0006470	P:protein dephosphorylation	{'GO:0000006': 0}	1.0
GO:0006473	P:protein acetylation	{'GO:0000006': 0}	1.0
GO:0006474	P:N-terminal protein amino acid acetylation	{'GO:0000006': 0}	1.0
GO:0006479	P:protein methylation	{'GO:0000006': 0}	1.0
GO:0006482	P:protein demethylation	{'GO:0000006': 0}	1.0
GO:0006486	P:protein glycosylation	{'GO:0000006': 0}	1.0
GO:0006487	P:protein N-linked glycosylation	{'GO:0000006': 0}	1.0
GO:0006490	P:oligosaccharide-lipid intermediate biosynthetic process	{'GO:0000006': 0}	1.0
GO:0006493	P:protein O-linked glycosylation	{'GO:0000006': 0}	1.0
GO:0006508	P:proteolysis	{'GO:0000006': 0}	1.0
GO:0006515	P:protein quality control for misfolded or incompletely synthesized proteins	{'GO:0000006': 0}	1.0
GO:0006518	P:peptide metabolic process	{'GO:0000006': 0}	1.0
GO:0006520	P:cellular amino acid metabolic process	{'GO:0000006': 0}	1.0
GO:0006523	P:alanine biosynthetic process	{'GO:0000006': 0}	1.0
GO:0006524	P:alanine catabolic process	{'GO:0000006': 0}	1.0
GO:0006525	P:arginine metabolic process	{'GO:0000006': 0}	1.0
GO:0006526	P:arginine biosynthetic process	{'GO:0000006': 0}	1.0
GO:0006527	P:arginine catabolic process	{'GO:0000006': 0}	1.0
GO:0006529	P:asparagine biosynthetic process	{'GO:0000006': 0}	1.0
GO:0006530	P:asparagine catabolic process	{'GO:0000006': 0}	1.0
GO:0006531	P:aspartate metabolic process	{'GO:0000006': 0}	1.0
GO:0006532	P:aspartate biosynthetic process	{'GO:0000006': 0}	1.0
GO:0006534	P:cysteine metabolic process	{'GO:0000006': 0}	1.0
GO:0006535	P:cysteine biosynthetic process from serine	{'GO:0000006': 0}	1.0
GO:0006537	P:glutamate biosynthetic process	{'GO:0000006': 0}	1.0
GO:0006538	P:glutamate catabolic process	{'GO:0000006': 0}	1.0
GO:0006541	P:glutamine metabolic process	{'GO:0000006': 0}	1.0
GO:0006542	P:glutamine biosynthetic process	{'GO:0000006': 0}	1.0
GO:0006543	P:glutamine catabolic process	{'GO:0000006': 0}	1.0
GO:0006544	P:glycine metabolic process	{'GO:0000006': 0}	1.0
GO:0006545	P:glycine biosynthetic process	{'GO:0000006': 0}	1.0
GO:0006546	P:glycine catabolic process	{'GO:0000006': 0}	1.0
GO:0006554	P:lysine catabolic process	{'GO:0000006': 0}	1.0
GO:0006556	P:S-adenosylmethionine biosynthetic process	{'GO:0000006': 0}	1.0
GO:0006557	P:S-adenosylmethioninamine biosynthetic process	{'GO:0000006': 0}	1.0
GO:0006559	P:L-phenylalanine catabolic process	{'GO:0000006': 0}	1.0
GO:0006560	P:proline metabolic process	{'GO:0000006': 0}	1.0
GO:0006561	P:proline biosynthetic process	{'GO:0000006': 0}	1.0
GO:0006563	P:L-serine metabolic process	{'GO:0000006': 0}	1.0
GO:0006564	P:L-serine biosynthetic process	{'GO:0000006': 0}	1.0
GO:0006565	P:L-serine catabolic process	{'GO:0000006': 0}	1.0
GO:0006566	P:threonine metabolic process	{'GO:0000006': 0}	1.0
GO:0006567	P:threonine catabolic process	{'GO:0000006': 0}	1.0
GO:0006569	P:tryptophan catabolic process	{'GO:0000006': 0}	1.0
GO:0006571	P:tyrosine biosynthetic process	{'GO:0000006': 0}	1.0
GO:0006576	P:cellular biogenic amine metabolic process	{'GO:0000006': 0}	1.0
GO:0006593	P:ornithine catabolic process	{'GO:0000006': 0}	1.0
GO:0006598	P:polyamine catabolic process	{'GO:0000006': 0}	1.0
GO:0006605	P:protein targeting	{'GO:0000006': 0}	1.0
GO:0006612	P:protein targeting to membrane	{'GO:0000006': 0}	1.0
GO:0006614	P:SRP-dependent cotranslational protein targeting to membrane	{'GO:0000006': 0}	1.0
GO:0006616	P:SRP-dependent cotranslational protein targeting to membrane, translocation	{'GO:0000006': 0}	1.0
GO:0006629	P:lipid metabolic process	{'GO:0000006': 0}	1.0
GO:0006631	P:fatty acid metabolic process	{'GO:0000006': 0}	1.0
GO:0006633	P:fatty acid biosynthetic process	{'GO:0000006': 0}	1.0
GO:0006635	P:fatty acid beta-oxidation	{'GO:0000006': 0}	1.0
GO:0006637	P:acyl-CoA metabolic process	{'GO:0000006': 0}	1.0
GO:0006646	P:phosphatidylethanolamine biosynthetic process	{'GO:0000006': 0}	1.0
GO:0006650	P:glycerophospholipid metabolic process	{'GO:0000006': 0}	1.0
GO:0006654	P:phosphatidic acid biosynthetic process	{'GO:0000006': 0}	1.0
GO:0006655	P:phosphatidylglycerol biosynthetic process	{'GO:0000006': 0}	1.0
GO:0006662	P:glycerol ether metabolic process	{'GO:0000006': 0}	1.0
GO:0006665	P:sphingolipid metabolic process	{'GO:0000006': 0}	1.0
GO:0006725	P:cellular aromatic compound metabolic process	{'GO:0000006': 0}	1.0
GO:0006729	P:tetrahydrobiopterin biosynthetic process	{'GO:0000006': 0}	1.0
GO:0006730	P:one-carbon metabolic process	{'GO:0000006': 0}	1.0
GO:0006734	P:NADH metabolic process	{'GO:0000006': 0}	1.0
GO:0006739	P:NADP metabolic process	{'GO:0000006': 0}	1.0
GO:0006740	P:NADPH regeneration	{'GO:0000006': 0}	1.0
GO:0006741	P:NADP biosynthetic process	{'GO:0000006': 0}	1.0
GO:0006742	P:NADP catabolic process	{'GO:0000006': 0}	1.0
GO:0006744	P:ubiquinone biosynthetic process	{'GO:0000006': 0}	1.0
GO:0006747	P:FAD biosynthetic process	{'GO:0000006': 0}	1.0
GO:0006749	P:glutathione metabolic process	{'GO:0000006': 0}	1.0
GO:0006750	P:glutathione biosynthetic process	{'GO:0000006': 0}	1.0
GO:0006751	P:glutathione catabolic process	{'GO:0000006': 0}	1.0
GO:0006753	P:nucleoside phosphate metabolic process	{'GO:0000006': 0}	1.0
GO:0006754	P:ATP biosynthetic process	{'GO:0000006': 0}	1.0
GO:0006757	P:ATP generation from ADP	{'GO:0000006': 0}	1.0
GO:0006760	P:folic acid-containing compound metabolic process	{'GO:0000006': 0}	1.0
GO:0006768	P:biotin metabolic process	{'GO:0000006': 0}	1.0
GO:0006771	P:riboflavin metabolic process	{'GO:0000006': 0}	1.0
GO:0006772	P:thiamine metabolic process	{'GO:0000006': 0}	1.0
GO:0006777	P:Mo-molybdopterin cofactor biosynthetic process	{'GO:0000006': 0}	1.0
GO:0006779	P:porphyrin-containing compound biosynthetic process	{'GO:0000006': 0}	1.0
GO:0006780	P:uroporphyrinogen III biosynthetic process	{'GO:0000006': 0}	1.0
GO:0006782	P:protoporphyrinogen IX biosynthetic process	{'GO:0000006': 0}	1.0
GO:0006783	P:heme biosynthetic process	{'GO:0000006': 0}	1.0
GO:0006790	P:sulfur compound metabolic process	{'GO:0000006': 0}	1.0
GO:0006791	P:sulfur utilization	{'GO:0000006': 0}	1.0
GO:0006793	P:phosphorus metabolic process	{'GO:0000006': 0}	1.0
GO:0006796	P:phosphate-containing compound metabolic process	{'GO:0000006': 0}	1.0
GO:0006798	P:polyphosphate catabolic process	{'GO:0000006': 0}	1.0
GO:0006799	P:polyphosphate biosynthetic process	{'GO:0000006': 0}	1.0
GO:0006801	P:superoxide metabolic process	{'GO:0000006': 0}	1.0
GO:0006805	P:xenobiotic metabolic process	{'GO:0000006': 0}	1.0
GO:0006807	P:nitrogen compound metabolic process	{'GO:0000006': 0}	1.0
GO:0006808	P:regulation of nitrogen utilization	{'GO:0000006': 0}	1.0
GO:0006811	P:ion transport	{'GO:0000006': 0}	1.0
GO:0006812	P:cation transport	{'GO:0000006': 0}	1.0
GO:0006813	P:potassium ion transport	{'GO:0000006': 0}	1.0
GO:0006814	P:sodium ion transport	{'GO:0000006': 0}	1.0
GO:0006817	P:phosphate ion transport	{'GO:0000006': 0}	1.0
GO:0006821	P:chloride transport	{'GO:0000006': 0}	1.0
GO:0006824	P:cobalt ion transport	{'GO:0000006': 0}	1.0
GO:0006825	P:copper ion transport	{'GO:0000006': 0}	1.0
GO:0006826	P:iron ion transport	{'GO:0000006': 0}	1.0
GO:0006828	P:manganese ion transport	{'GO:0000006': 0}	1.0
GO:0006829	P:zinc ion transport	{'GO:0000006': 0}	1.0
GO:0006833	P:water transport	{'GO:0000006': 0}	1.0
GO:0006835	P:dicarboxylic acid transport	{'GO:0000006': 0}	1.0
GO:0006847	P:plasma membrane acetate transport	{'GO:0000006': 0}	1.0
GO:0006849	P:plasma membrane pyruvate transport	{'GO:0000006': 0}	1.0
GO:0006855	P:drug transmembrane transport	{'GO:0000006': 0}	1.0
GO:0006857	P:oligopeptide transport	{'GO:0000006': 0}	1.0
GO:0006865	P:amino acid transport	{'GO:0000006': 0}	1.0
GO:0006874	P:cellular calcium ion homeostasis	{'GO:0000006': 0}	1.0
GO:0006876	P:cellular cadmium ion homeostasis	{'GO:0000006': 0}	1.0
GO:0006878	P:cellular copper ion homeostasis	{'GO:0000006': 0}	1.0
GO:0006879	P:cellular iron ion homeostasis	{'GO:0000006': 0}	1.0
GO:0006880	P:intracellular sequestering of iron ion	{'GO:0000006': 0}	1.0
GO:0006882	P:cellular zinc ion homeostasis	{'GO:0000006': 0}	1.0
GO:0006883	P:cellular sodium ion homeostasis	{'GO:0000006': 0}	1.0
GO:0006884	P:cell volume homeostasis	{'GO:0000006': 0}	1.0
GO:0006885	P:regulation of pH	{'GO:0000006': 0}	1.0
GO:0006886	P:intracellular protein transport	{'GO:0000006': 0}	1.0
GO:0006935	P:chemotaxis	{'GO:0000006': 0}	1.0
GO:0006970	P:response to osmotic stress	{'GO:0000006': 0}	1.0
GO:0006972	P:hyperosmotic response	{'GO:0000006': 0}	1.0
GO:0006974	P:cellular response to DNA damage stimulus	{'GO:0000006': 0}	1.0
GO:0006979	P:response to oxidative stress	{'GO:0000006': 0}	1.0
GO:0006986	P:response to unfolded protein	{'GO:0000006': 0}	1.0
GO:0006995	P:cellular response to nitrogen starvation	{'GO:0000006': 0}	1.0
GO:0007049	P:cell cycle	{'GO:0000006': 0}	1.0
GO:0007059	P:chromosome segregation	{'GO:0000006': 0}	1.0
GO:0007062	P:sister chromatid cohesion	{'GO:0000006': 0}	1.0
GO:0007155	P:cell adhesion	{'GO:0000006': 0}	1.0
GO:0007165	P:signal transduction	{'GO:0000006': 0}	1.0
GO:0007172	P:signal complex assembly	{'GO:0000006': 0}	1.0
GO:0007231	P:osmosensory signaling pathway	{'GO:0000006': 0}	1.0
GO:0007234	P:osmosensory signaling via phosphorelay pathway	{'GO:0000006': 0}	1.0
GO:0007584	P:response to nutrient	{'GO:0000006': 0}	1.0
GO:0008022	F:protein C-terminus binding	{'GO:0000006': 0}	1.0
GO:0008033	P:tRNA processing	{'GO:0000006': 0}	1.0
GO:0008047	F:enzyme activator activity	{'GO:0000006': 0}	1.0
GO:0008061	F:chitin binding	{'GO:0000006': 0}	1.0
GO:0008073	F:ornithine decarboxylase inhibitor activity	{'GO:0000006': 0}	1.0
GO:0008080	F:N-acetyltransferase activity	{'GO:0000006': 0}	1.0
GO:0008081	F:phosphoric diester hydrolase activity	{'GO:0000006': 0}	1.0
GO:0008092	F:cytoskeletal protein binding	{'GO:0000006': 0}	1.0
GO:0008094	F:DNA-dependent ATPase activity	{'GO:0000006': 0}	1.0
GO:0008097	F:5S rRNA binding	{'GO:0000006': 0}	1.0
GO:0008104	P:protein localization	{'GO:0000006': 0}	1.0
GO:0008106	F:alcohol dehydrogenase (NADP+) activity	{'GO:0000006': 0}	1.0
GO:0008108	F:UDP-glucose:hexose-1-phosphate uridylyltransferase activity	{'GO:0000006': 0}	1.0
GO:0008113	F:peptide-methionine (S)-S-oxide reductase activity	{'GO:0000006': 0}	1.0
GO:0008115	F:sarcosine oxidase activity	{'GO:0000006': 0}	1.0
GO:0008126	F:acetylesterase activity	{'GO:0000006': 0}	1.0
GO:0008127	F:quercetin 2,3-dioxygenase activity	{'GO:0000006': 0}	1.0
GO:0008131	F:primary amine oxidase activity	{'GO:0000006': 0}	1.0
GO:0008134	F:transcription factor binding	{'GO:0000006': 0}	1.0
GO:0008137	F:NADH dehydrogenase (ubiquinone) activity	{'GO:0000006': 0}	1.0
GO:0008138	F:protein tyrosine/serine/threonine phosphatase activity	{'GO:0000006': 0}	1.0
GO:0008143	F:poly(A) binding	{'GO:0000006': 0}	1.0
GO:0008144	F:drug binding	{'GO:0000006': 0}	1.0
GO:0008152	P:metabolic process	{'GO:0000006': 0}	1.0
GO:0008153	P:para-aminobenzoic acid biosynthetic process	{'GO:0000006': 0}	1.0
GO:0008156	P:negative regulation of DNA replication	{'GO:0000006': 0}	1.0
GO:0008168	F:methyltransferase activity	{'GO:0000006': 0}	1.0
GO:0008170	F:N-methyltransferase activity	{'GO:0000006': 0}	1.0
GO:0008173	F:RNA methyltransferase activity	{'GO:0000006': 0}	1.0
GO:0008176	F:tRNA (guanine-N7-)-methyltransferase activity	{'GO:0000006': 0}	1.0
GO:0008177	F:succinate dehydrogenase (ubiquinone) activity	{'GO:0000006': 0}	1.0
GO:0008184	F:glycogen phosphorylase activity	{'GO:0000006': 0}	1.0
GO:0008186	F:RNA-dependent ATPase activity	{'GO:0000006': 0}	1.0
GO:0008195	F:phosphatidate phosphatase activity	{'GO:0000006': 0}	1.0
GO:0008198	F:ferrous iron binding	{'GO:0000006': 0}	1.0
GO:0008199	F:ferric iron binding	{'GO:0000006': 0}	1.0
GO:0008201	F:heparin binding	{'GO:0000006': 0}	1.0
GO:0008216	P:spermidine metabolic process	{'GO:0000006': 0}	1.0
GO:0008219	P:cell death	{'GO:0000006': 0}	1.0
GO:0008233	F:peptidase activity	{'GO:0000006': 0}	1.0
GO:0008234	F:cysteine-type peptidase activity	{'GO:0000006': 0}	1.0
GO:0008235	F:metalloexopeptidase activity	{'GO:0000006': 0}	1.0
GO:0008236	F:serine-type peptidase activity	{'GO:0000006': 0}	1.0
GO:0008237	F:metallopeptidase activity	{'GO:0000006': 0}	1.0
GO:0008252	F:nucleotidase activity	{'GO:0000006': 0}	1.0
GO:0008253	F:5'-nucleotidase activity	{'GO:0000006': 0}	1.0
GO:0008254	F:3'-nucleotidase activity	{'GO:0000006': 0}	1.0
GO:0008263	F:pyrimidine-specific mismatch base pair DNA N-glycosylase activity	{'GO:0000006': 0}	1.0
GO:0008270	F:zinc ion binding	{'GO:0000006': 0}	1.0
GO:0008271	F:secondary active sulfate transmembrane transporter activity	{'GO:0000006': 0}	1.0
GO:0008272	P:sulfate transport	{'GO:0000006': 0}	1.0
GO:0008273	F:calcium, potassium:sodium antiporter activity	{'GO:0000006': 0}	1.0
GO:0008276	F:protein methyltransferase activity	{'GO:0000006': 0}	1.0
GO:0008289	F:lipid binding	{'GO:0000006': 0}	1.0
GO:0008295	P:spermidine biosynthetic process	{'GO:0000006': 0}	1.0
GO:0008296	F:3'-5'-exodeoxyribonuclease activity	{'GO:0000006': 0}	1.0
GO:0008299	P:isoprenoid biosynthetic process	{'GO:0000006': 0}	1.0
GO:0008301	F:DNA binding, bending	{'GO:0000006': 0}	1.0
GO:0008310	F:single-stranded DNA 3'-5' exodeoxyribonuclease activity	{'GO:0000006': 0}	1.0
GO:0008312	F:7S RNA binding	{'GO:0000006': 0}	1.0
GO:0008320	F:protein transmembrane transporter activity	{'GO:0000006': 0}	1.0
GO:0008324	F:cation transmembrane transporter activity	{'GO:0000006': 0}	1.0
GO:0008327	F:methyl-CpG binding	{'GO:0000006': 0}	1.0
GO:0008360	P:regulation of cell shape	{'GO:0000006': 0}	1.0
GO:0008375	F:acetylglucosaminyltransferase activity	{'GO:0000006': 0}	1.0
GO:0008379	F:thioredoxin peroxidase activity	{'GO:0000006': 0}	1.0
GO:0008381	F:mechanosensitive ion channel activity	{'GO:0000006': 0}	1.0
GO:0008408	F:3'-5' exonuclease activity	{'GO:0000006': 0}	1.0
GO:0008409	F:5'-3' exonuclease activity	{'GO:0000006': 0}	1.0
GO:0008410	F:CoA-transferase activity	{'GO:0000006': 0}	1.0
GO:0008412	F:4-hydroxybenzoate octaprenyltransferase activity	{'GO:0000006': 0}	1.0
GO:0008413	F:8-oxo-7,8-dihydroguanosine triphosphate pyrophosphatase activity	{'GO:0000006': 0}	1.0
GO:0008417	F:fucosyltransferase activity	{'GO:0000006': 0}	1.0
GO:0008422	F:beta-glucosidase activity	{'GO:0000006': 0}	1.0
GO:0008425	F:2-polyprenyl-6-methoxy-1,4-benzoquinone methyltransferase activity	{'GO:0000006': 0}	1.0
GO:0008428	F:ribonuclease inhibitor activity	{'GO:0000006': 0}	1.0
GO:0008430	F:selenium binding	{'GO:0000006': 0}	1.0
GO:0008441	F:3'(2'),5'-bisphosphate nucleotidase activity	{'GO:0000006': 0}	1.0
GO:0008442	F:3-hydroxyisobutyrate dehydrogenase activity	{'GO:0000006': 0}	1.0
GO:0008443	F:phosphofructokinase activity	{'GO:0000006': 0}	1.0
GO:0008444	F:CDP-diacylglycerol-glycerol-3-phosphate 3-phosphatidyltransferase activity	{'GO:0000006': 0}	1.0
GO:0008446	F:GDP-mannose 4,6-dehydratase activity	{'GO:0000006': 0}	1.0
GO:0008448	F:N-acetylglucosamine-6-phosphate deacetylase activity	{'GO:0000006': 0}	1.0
GO:0008452	F:RNA ligase activity	{'GO:0000006': 0}	1.0
GO:0008460	F:dTDP-glucose 4,6-dehydratase activity	{'GO:0000006': 0}	1.0
GO:0008470	F:isovaleryl-CoA dehydrogenase activity	{'GO:0000006': 0}	1.0
GO:0008477	F:purine nucleosidase activity	{'GO:0000006': 0}	1.0
GO:0008478	F:pyridoxal kinase activity	{'GO:0000006': 0}	1.0
GO:0008479	F:queuine tRNA-ribosyltransferase activity	{'GO:0000006': 0}	1.0
GO:0008483	F:transaminase activity	{'GO:0000006': 0}	1.0
GO:0008484	F:sulfuric ester hydrolase activity	{'GO:0000006': 0}	1.0
GO:0008490	F:arsenite secondary active transmembrane transporter activity	{'GO:0000006': 0}	1.0
GO:0008494	F:translation activator activity	{'GO:0000006': 0}	1.0
GO:0008495	F:protoheme IX farnesyltransferase activity	{'GO:0000006': 0}	1.0
GO:0008519	F:ammonium transmembrane transporter activity	{'GO:0000006': 0}	1.0
GO:0008531	F:riboflavin kinase activity	{'GO:0000006': 0}	1.0
GO:0008534	F:oxidized purine nucleobase lesion DNA N-glycosylase activity	{'GO:0000006': 0}	1.0
GO:0008551	F:cadmium transmembrane transporter activity, phosphorylative mechanism	{'GO:0000006': 0}	1.0
GO:0008556	F:potassium transmembrane transporter activity, phosphorylative mechanism	{'GO:0000006': 0}	1.0
GO:0008559	F:ATPase-coupled xenobiotic transmembrane transporter activity	{'GO:0000006': 0}	1.0
GO:0008610	P:lipid biosynthetic process	{'GO:0000006': 0}	1.0
GO:0008615	P:pyridoxine biosynthetic process	{'GO:0000006': 0}	1.0
GO:0008616	P:queuosine biosynthetic process	{'GO:0000006': 0}	1.0
GO:0008641	F:ubiquitin-like modifier activating enzyme activity	{'GO:0000006': 0}	1.0
GO:0008643	P:carbohydrate transport	{'GO:0000006': 0}	1.0
GO:0008650	F:rRNA (uridine-2'-O-)-methyltransferase activity	{'GO:0000006': 0}	1.0
GO:0008652	P:cellular amino acid biosynthetic process	{'GO:0000006': 0}	1.0
GO:0008653	P:lipopolysaccharide metabolic process	{'GO:0000006': 0}	1.0
GO:0008654	P:phospholipid biosynthetic process	{'GO:0000006': 0}	1.0
GO:0008657	F:DNA topoisomerase type II (double strand cut, ATP-hydrolyzing) inhibitor activity	{'GO:0000006': 0}	1.0
GO:0008658	F:penicillin binding	{'GO:0000006': 0}	1.0
GO:0008659	F:(3R)-hydroxymyristoyl-[acyl-carrier-protein] dehydratase activity	{'GO:0000006': 0}	1.0
GO:0008661	F:1-deoxy-D-xylulose-5-phosphate synthase activity	{'GO:0000006': 0}	1.0
GO:0008662	F:1-phosphofructokinase activity	{'GO:0000006': 0}	1.0
GO:0008663	F:2',3'-cyclic-nucleotide 2'-phosphodiesterase activity	{'GO:0000006': 0}	1.0
GO:0008664	F:2'-5'-RNA ligase activity	{'GO:0000006': 0}	1.0
GO:0008666	F:2,3,4,5-tetrahydropyridine-2,6-dicarboxylate N-succinyltransferase activity	{'GO:0000006': 0}	1.0
GO:0008667	F:2,3-dihydro-2,3-dihydroxybenzoate dehydrogenase activity	{'GO:0000006': 0}	1.0
GO:0008668	F:(2,3-dihydroxybenzoyl)adenylate synthase activity	{'GO:0000006': 0}	1.0
GO:0008670	F:2,4-dienoyl-CoA reductase (NADPH) activity	{'GO:0000006': 0}	1.0
GO:0008671	F:2-dehydro-3-deoxygalactonokinase activity	{'GO:0000006': 0}	1.0
GO:0008672	F:2-dehydro-3-deoxyglucarate aldolase activity	{'GO:0000006': 0}	1.0
GO:0008673	F:2-dehydro-3-deoxygluconokinase activity	{'GO:0000006': 0}	1.0
GO:0008674	F:2-dehydro-3-deoxy-6-phosphogalactonate aldolase activity	{'GO:0000006': 0}	1.0
GO:0008675	F:2-dehydro-3-deoxy-phosphogluconate aldolase activity	{'GO:0000006': 0}	1.0
GO:0008676	F:3-deoxy-8-phosphooctulonate synthase activity	{'GO:0000006': 0}	1.0
GO:0008677	F:2-dehydropantoate 2-reductase activity	{'GO:0000006': 0}	1.0
GO:0008678	F:2-deoxy-D-gluconate 3-dehydrogenase activity	{'GO:0000006': 0}	1.0
GO:0008679	F:2-hydroxy-3-oxopropionate reductase activity	{'GO:0000006': 0}	1.0
GO:0008681	F:2-octaprenyl-6-methoxyphenol hydroxylase activity	{'GO:0000006': 0}	1.0
GO:0008682	F:2-octoprenyl-3-methyl-6-methoxy-1,4-benzoquinone hydroxylase activity	{'GO:0000006': 0}	1.0
GO:0008684	F:2-oxopent-4-enoate hydratase activity	{'GO:0000006': 0}	1.0
GO:0008685	F:2-C-methyl-D-erythritol 2,4-cyclodiphosphate synthase activity	{'GO:0000006': 0}	1.0
GO:0008686	F:3,4-dihydroxy-2-butanone-4-phosphate synthase activity	{'GO:0000006': 0}	1.0
GO:0008688	F:3-(3-hydroxyphenyl)propionate hydroxylase activity	{'GO:0000006': 0}	1.0
GO:0008689	F:3-demethylubiquinone-9 3-O-methyltransferase activity	{'GO:0000006': 0}	1.0
GO:0008690	F:3-deoxy-manno-octulosonate cytidylyltransferase activity	{'GO:0000006': 0}	1.0
GO:0008691	F:3-hydroxybutyryl-CoA dehydrogenase activity	{'GO:0000006': 0}	1.0
GO:0008692	F:3-hydroxybutyryl-CoA epimerase activity	{'GO:0000006': 0}	1.0
GO:0008693	F:3-hydroxydecanoyl-[acyl-carrier-protein] dehydratase activity	{'GO:0000006': 0}	1.0
GO:0008694	F:3-octaprenyl-4-hydroxybenzoate carboxy-lyase activity	{'GO:0000006': 0}	1.0
GO:0008695	F:3-phenylpropionate dioxygenase activity	{'GO:0000006': 0}	1.0
GO:0008696	F:4-amino-4-deoxychorismate lyase activity	{'GO:0000006': 0}	1.0
GO:0008697	F:4-deoxy-L-threo-5-hexosulose-uronate ketol-isomerase activity	{'GO:0000006': 0}	1.0
GO:0008700	F:4-hydroxy-2-oxoglutarate aldolase activity	{'GO:0000006': 0}	1.0
GO:0008701	F:4-hydroxy-2-oxovalerate aldolase activity	{'GO:0000006': 0}	1.0
GO:0008703	F:5-amino-6-(5-phosphoribosylamino)uracil reductase activity	{'GO:0000006': 0}	1.0
GO:0008705	F:methionine synthase activity	{'GO:0000006': 0}	1.0
GO:0008706	F:6-phospho-beta-glucosidase activity	{'GO:0000006': 0}	1.0
GO:0008707	F:4-phytase activity	{'GO:0000006': 0}	1.0
GO:0008709	F:cholate 7-alpha-dehydrogenase activity	{'GO:0000006': 0}	1.0
GO:0008710	F:8-amino-7-oxononanoate synthase activity	{'GO:0000006': 0}	1.0
GO:0008712	F:ADP-glyceromanno-heptose 6-epimerase activity	{'GO:0000006': 0}	1.0
GO:0008713	F:ADP-heptose-lipopolysaccharide heptosyltransferase activity	{'GO:0000006': 0}	1.0
GO:0008714	F:AMP nucleosidase activity	{'GO:0000006': 0}	1.0
GO:0008715	F:CDP-diacylglycerol diphosphatase activity	{'GO:0000006': 0}	1.0
GO:0008716	F:D-alanine-D-alanine ligase activity	{'GO:0000006': 0}	1.0
GO:0008718	F:D-amino-acid dehydrogenase activity	{'GO:0000006': 0}	1.0
GO:0008719	F:dihydroneopterin triphosphate 2'-epimerase activity	{'GO:0000006': 0}	1.0
GO:0008720	F:D-lactate dehydrogenase activity	{'GO:0000006': 0}	1.0
GO:0008721	F:D-serine ammonia-lyase activity	{'GO:0000006': 0}	1.0
GO:0008725	F:DNA-3-methyladenine glycosylase activity	{'GO:0000006': 0}	1.0
GO:0008726	F:alkanesulfonate monooxygenase activity	{'GO:0000006': 0}	1.0
GO:0008727	F:GDP-mannose mannosyl hydrolase activity	{'GO:0000006': 0}	1.0
GO:0008728	F:GTP diphosphokinase activity	{'GO:0000006': 0}	1.0
GO:0008730	F:L(+)-tartrate dehydratase activity	{'GO:0000006': 0}	1.0
GO:0008732	F:L-allo-threonine aldolase activity	{'GO:0000006': 0}	1.0
GO:0008733	F:L-arabinose isomerase activity	{'GO:0000006': 0}	1.0
GO:0008734	F:L-aspartate oxidase activity	{'GO:0000006': 0}	1.0
GO:0008735	F:carnitine dehydratase activity	{'GO:0000006': 0}	1.0
GO:0008736	F:L-fucose isomerase activity	{'GO:0000006': 0}	1.0
GO:0008737	F:L-fuculokinase activity	{'GO:0000006': 0}	1.0
GO:0008738	F:L-fuculose-phosphate aldolase activity	{'GO:0000006': 0}	1.0
GO:0008740	F:L-rhamnose isomerase activity	{'GO:0000006': 0}	1.0
GO:0008741	F:ribulokinase activity	{'GO:0000006': 0}	1.0
GO:0008742	F:L-ribulose-phosphate 4-epimerase activity	{'GO:0000006': 0}	1.0
GO:0008743	F:L-threonine 3-dehydrogenase activity	{'GO:0000006': 0}	1.0
GO:0008744	F:L-xylulokinase activity	{'GO:0000006': 0}	1.0
GO:0008745	F:N-acetylmuramoyl-L-alanine amidase activity	{'GO:0000006': 0}	1.0
GO:0008746	F:NAD(P)+ transhydrogenase activity	{'GO:0000006': 0}	1.0
GO:0008747	F:N-acetylneuraminate lyase activity	{'GO:0000006': 0}	1.0
GO:0008748	F:N-ethylmaleimide reductase activity	{'GO:0000006': 0}	1.0
GO:0008750	F:NAD(P)+ transhydrogenase (AB-specific) activity	{'GO:0000006': 0}	1.0
GO:0008752	F:FMN reductase activity	{'GO:0000006': 0}	1.0
GO:0008753	F:NADPH dehydrogenase (quinone) activity	{'GO:0000006': 0}	1.0
GO:0008756	F:o-succinylbenzoate-CoA ligase activity	{'GO:0000006': 0}	1.0
GO:0008757	F:S-adenosylmethionine-dependent methyltransferase activity	{'GO:0000006': 0}	1.0
GO:0008758	F:UDP-2,3-diacylglucosamine hydrolase activity	{'GO:0000006': 0}	1.0
GO:0008759	F:UDP-3-O-[3-hydroxymyristoyl] N-acetylglucosamine deacetylase activity	{'GO:0000006': 0}	1.0
GO:0008760	F:UDP-N-acetylglucosamine 1-carboxyvinyltransferase activity	{'GO:0000006': 0}	1.0
GO:0008761	F:UDP-N-acetylglucosamine 2-epimerase activity	{'GO:0000006': 0}	1.0
GO:0008762	F:UDP-N-acetylmuramate dehydrogenase activity	{'GO:0000006': 0}	1.0
GO:0008763	F:UDP-N-acetylmuramate-L-alanine ligase activity	{'GO:0000006': 0}	1.0
GO:0008764	F:UDP-N-acetylmuramoylalanine-D-glutamate ligase activity	{'GO:0000006': 0}	1.0
GO:0008765	F:UDP-N-acetylmuramoylalanyl-D-glutamate-2,6-diaminopimelate ligase activity	{'GO:0000006': 0}	1.0
GO:0008766	F:UDP-N-acetylmuramoylalanyl-D-glutamyl-2,6-diaminopimelate-D-alanyl-D-alanine ligase activity	{'GO:0000006': 0}	1.0
GO:0008767	F:UDP-galactopyranose mutase activity	{'GO:0000006': 0}	1.0
GO:0008768	F:UDP-sugar diphosphatase activity	{'GO:0000006': 0}	1.0
GO:0008770	F:[acyl-carrier-protein] phosphodiesterase activity	{'GO:0000006': 0}	1.0
GO:0008771	F:[citrate (pro-3S)-lyase] ligase activity	{'GO:0000006': 0}	1.0
GO:0008772	F:[isocitrate dehydrogenase (NADP+)] kinase activity	{'GO:0000006': 0}	1.0
GO:0008773	F:[protein-PII] uridylyltransferase activity	{'GO:0000006': 0}	1.0
GO:0008774	F:acetaldehyde dehydrogenase (acetylating) activity	{'GO:0000006': 0}	1.0
GO:0008775	F:acetate CoA-transferase activity	{'GO:0000006': 0}	1.0
GO:0008776	F:acetate kinase activity	{'GO:0000006': 0}	1.0
GO:0008777	F:acetylornithine deacetylase activity	{'GO:0000006': 0}	1.0
GO:0008779	F:acyl-[acyl-carrier-protein]-phospholipid O-acyltransferase activity	{'GO:0000006': 0}	1.0
GO:0008780	F:acyl-[acyl-carrier-protein]-UDP-N-acetylglucosamine O-acyltransferase activity	{'GO:0000006': 0}	1.0
GO:0008782	F:adenosylhomocysteine nucleosidase activity	{'GO:0000006': 0}	1.0
GO:0008783	F:agmatinase activity	{'GO:0000006': 0}	1.0
GO:0008784	F:alanine racemase activity	{'GO:0000006': 0}	1.0
GO:0008785	F:alkyl hydroperoxide reductase activity	{'GO:0000006': 0}	1.0
GO:0008786	F:allose 6-phosphate isomerase activity	{'GO:0000006': 0}	1.0
GO:0008787	F:allose kinase activity	{'GO:0000006': 0}	1.0
GO:0008788	F:alpha,alpha-phosphotrehalase activity	{'GO:0000006': 0}	1.0
GO:0008789	F:altronate dehydratase activity	{'GO:0000006': 0}	1.0
GO:0008790	F:arabinose isomerase activity	{'GO:0000006': 0}	1.0
GO:0008791	F:arginine N-succinyltransferase activity	{'GO:0000006': 0}	1.0
GO:0008792	F:arginine decarboxylase activity	{'GO:0000006': 0}	1.0
GO:0008793	F:aromatic-amino-acid:2-oxoglutarate aminotransferase activity	{'GO:0000006': 0}	1.0
GO:0008794	F:arsenate reductase (glutaredoxin) activity	{'GO:0000006': 0}	1.0
GO:0008795	F:NAD+ synthase activity	{'GO:0000006': 0}	1.0
GO:0008796	F:bis(5'-nucleosyl)-tetraphosphatase activity	{'GO:0000006': 0}	1.0
GO:0008797	F:aspartate ammonia-lyase activity	{'GO:0000006': 0}	1.0
GO:0008798	F:beta-aspartyl-peptidase activity	{'GO:0000006': 0}	1.0
GO:0008800	F:beta-lactamase activity	{'GO:0000006': 0}	1.0
GO:0008801	F:beta-phosphoglucomutase activity	{'GO:0000006': 0}	1.0
GO:0008802	F:betaine-aldehyde dehydrogenase activity	{'GO:0000006': 0}	1.0
GO:0008803	F:bis(5'-nucleosyl)-tetraphosphatase (symmetrical) activity	{'GO:0000006': 0}	1.0
GO:0008804	F:carbamate kinase activity	{'GO:0000006': 0}	1.0
GO:0008806	F:carboxymethylenebutenolidase activity	{'GO:0000006': 0}	1.0
GO:0008808	F:cardiolipin synthase activity	{'GO:0000006': 0}	1.0
GO:0008809	F:carnitine racemase activity	{'GO:0000006': 0}	1.0
GO:0008810	F:cellulase activity	{'GO:0000006': 0}	1.0
GO:0008812	F:choline dehydrogenase activity	{'GO:0000006': 0}	1.0
GO:0008813	F:chorismate lyase activity	{'GO:0000006': 0}	1.0
GO:0008814	F:citrate CoA-transferase activity	{'GO:0000006': 0}	1.0
GO:0008815	F:citrate (pro-3S)-lyase activity	{'GO:0000006': 0}	1.0
GO:0008816	F:citryl-CoA lyase activity	{'GO:0000006': 0}	1.0
GO:0008817	F:cob(I)yrinic acid a,c-diamide adenosyltransferase activity	{'GO:0000006': 0}	1.0
GO:0008818	F:cobalamin 5'-phosphate synthase activity	{'GO:0000006': 0}	1.0
GO:0008819	F:cobinamide kinase activity	{'GO:0000006': 0}	1.0
GO:0008820	F:cobinamide phosphate guanylyltransferase activity	{'GO:0000006': 0}	1.0
GO:0008821	F:crossover junction endodeoxyribonuclease activity	{'GO:0000006': 0}	1.0
GO:0008824	F:cyanate hydratase activity	{'GO:0000006': 0}	1.0
GO:0008825	F:cyclopropane-fatty-acyl-phospholipid synthase activity	{'GO:0000006': 0}	1.0
GO:0008827	F:cytochrome o ubiquinol oxidase activity	{'GO:0000006': 0}	1.0
GO:0008828	F:dATP pyrophosphohydrolase activity	{'GO:0000006': 0}	1.0
GO:0008829	F:dCTP deaminase activity	{'GO:0000006': 0}	1.0
GO:0008830	F:dTDP-4-dehydrorhamnose 3,5-epimerase activity	{'GO:0000006': 0}	1.0
GO:0008831	F:dTDP-4-dehydrorhamnose reductase activity	{'GO:0000006': 0}	1.0
GO:0008832	F:dGTPase activity	{'GO:0000006': 0}	1.0
GO:0008833	F:deoxyribonuclease IV (phage-T4-induced) activity	{'GO:0000006': 0}	1.0
GO:0008834	F:di-trans,poly-cis-decaprenylcistransferase activity	{'GO:0000006': 0}	1.0
GO:0008835	F:diaminohydroxyphosphoribosylaminopyrimidine deaminase activity	{'GO:0000006': 0}	1.0
GO:0008836	F:diaminopimelate decarboxylase activity	{'GO:0000006': 0}	1.0
GO:0008837	F:diaminopimelate epimerase activity	{'GO:0000006': 0}	1.0
GO:0008838	F:diaminopropionate ammonia-lyase activity	{'GO:0000006': 0}	1.0
GO:0008839	F:4-hydroxy-tetrahydrodipicolinate reductase	{'GO:0000006': 0}	1.0
GO:0008840	F:4-hydroxy-tetrahydrodipicolinate synthase activity	{'GO:0000006': 0}	1.0
GO:0008841	F:dihydrofolate synthase activity	{'GO:0000006': 0}	1.0
GO:0008843	F:endochitinase activity	{'GO:0000006': 0}	1.0
GO:0008847	F:Enterobacter ribonuclease activity	{'GO:0000006': 0}	1.0
GO:0008849	F:enterochelin esterase activity	{'GO:0000006': 0}	1.0
GO:0008851	F:ethanolamine ammonia-lyase activity	{'GO:0000006': 0}	1.0
GO:0008852	F:exodeoxyribonuclease I activity	{'GO:0000006': 0}	1.0
GO:0008853	F:exodeoxyribonuclease III activity	{'GO:0000006': 0}	1.0
GO:0008854	F:exodeoxyribonuclease V activity	{'GO:0000006': 0}	1.0
GO:0008855	F:exodeoxyribonuclease VII activity	{'GO:0000006': 0}	1.0
GO:0008859	F:exoribonuclease II activity	{'GO:0000006': 0}	1.0
GO:0008860	F:ferredoxin-NAD+ reductase activity	{'GO:0000006': 0}	1.0
GO:0008861	F:formate C-acetyltransferase activity	{'GO:0000006': 0}	1.0
GO:0008863	F:formate dehydrogenase (NAD+) activity	{'GO:0000006': 0}	1.0
GO:0008864	F:formyltetrahydrofolate deformylase activity	{'GO:0000006': 0}	1.0
GO:0008865	F:fructokinase activity	{'GO:0000006': 0}	1.0
GO:0008866	F:fructuronate reductase activity	{'GO:0000006': 0}	1.0
GO:0008867	F:galactarate dehydratase activity	{'GO:0000006': 0}	1.0
GO:0008868	F:galactitol-1-phosphate 5-dehydrogenase activity	{'GO:0000006': 0}	1.0
GO:0008869	F:galactonate dehydratase activity	{'GO:0000006': 0}	1.0
GO:0008870	F:galactoside O-acetyltransferase activity	{'GO:0000006': 0}	1.0
GO:0008872	F:glucarate dehydratase activity	{'GO:0000006': 0}	1.0
GO:0008873	F:gluconate 2-dehydrogenase activity	{'GO:0000006': 0}	1.0
GO:0008874	F:gluconate 5-dehydrogenase activity	{'GO:0000006': 0}	1.0
GO:0008876	F:quinoprotein glucose dehydrogenase activity	{'GO:0000006': 0}	1.0
GO:0008877	F:glucose-1-phosphatase activity	{'GO:0000006': 0}	1.0
GO:0008878	F:glucose-1-phosphate adenylyltransferase activity	{'GO:0000006': 0}	1.0
GO:0008879	F:glucose-1-phosphate thymidylyltransferase activity	{'GO:0000006': 0}	1.0
GO:0008880	F:glucuronate isomerase activity	{'GO:0000006': 0}	1.0
GO:0008881	F:glutamate racemase activity	{'GO:0000006': 0}	1.0
GO:0008882	F:[glutamate-ammonia-ligase] adenylyltransferase activity	{'GO:0000006': 0}	1.0
GO:0008883	F:glutamyl-tRNA reductase activity	{'GO:0000006': 0}	1.0
GO:0008884	F:glutathionylspermidine amidase activity	{'GO:0000006': 0}	1.0
GO:0008885	F:glutathionylspermidine synthase activity	{'GO:0000006': 0}	1.0
GO:0008887	F:glycerate kinase activity	{'GO:0000006': 0}	1.0
GO:0008888	F:glycerol dehydrogenase [NAD+] activity	{'GO:0000006': 0}	1.0
GO:0008889	F:glycerophosphodiester phosphodiesterase activity	{'GO:0000006': 0}	1.0
GO:0008890	F:glycine C-acetyltransferase activity	{'GO:0000006': 0}	1.0
GO:0008891	F:glycolate oxidase activity	{'GO:0000006': 0}	1.0
GO:0008892	F:guanine deaminase activity	{'GO:0000006': 0}	1.0
GO:0008893	F:guanosine-3',5'-bis(diphosphate) 3'-diphosphatase activity	{'GO:0000006': 0}	1.0
GO:0008894	F:guanosine-5'-triphosphate,3'-diphosphate diphosphatase activity	{'GO:0000006': 0}	1.0
GO:0008897	F:holo-[acyl-carrier-protein] synthase activity	{'GO:0000006': 0}	1.0
GO:0008898	F:S-adenosylmethionine-homocysteine S-methyltransferase activity	{'GO:0000006': 0}	1.0
GO:0008899	F:homoserine O-succinyltransferase activity	{'GO:0000006': 0}	1.0
GO:0008901	F:ferredoxin hydrogenase activity	{'GO:0000006': 0}	1.0
GO:0008902	F:hydroxymethylpyrimidine kinase activity	{'GO:0000006': 0}	1.0
GO:0008903	F:hydroxypyruvate isomerase activity	{'GO:0000006': 0}	1.0
GO:0008906	F:inosine kinase activity	{'GO:0000006': 0}	1.0
GO:0008907	F:integrase activity	{'GO:0000006': 0}	1.0
GO:0008908	F:isochorismatase activity	{'GO:0000006': 0}	1.0
GO:0008909	F:isochorismate synthase activity	{'GO:0000006': 0}	1.0
GO:0008911	F:lactaldehyde dehydrogenase activity	{'GO:0000006': 0}	1.0
GO:0008912	F:lactaldehyde reductase activity	{'GO:0000006': 0}	1.0
GO:0008913	F:lauroyltransferase activity	{'GO:0000006': 0}	1.0
GO:0008914	F:leucyltransferase activity	{'GO:0000006': 0}	1.0
GO:0008915	F:lipid-A-disaccharide synthase activity	{'GO:0000006': 0}	1.0
GO:0008917	F:lipopolysaccharide N-acetylglucosaminyltransferase activity	{'GO:0000006': 0}	1.0
GO:0008918	F:lipopolysaccharide 3-alpha-galactosyltransferase activity	{'GO:0000006': 0}	1.0
GO:0008919	F:lipopolysaccharide glucosyltransferase I activity	{'GO:0000006': 0}	1.0
GO:0008920	F:lipopolysaccharide heptosyltransferase activity	{'GO:0000006': 0}	1.0
GO:0008921	F:lipopolysaccharide-1,6-galactosyltransferase activity	{'GO:0000006': 0}	1.0
GO:0008922	F:long-chain fatty acid [acyl-carrier-protein] ligase activity	{'GO:0000006': 0}	1.0
GO:0008923	F:lysine decarboxylase activity	{'GO:0000006': 0}	1.0
GO:0008924	F:malate dehydrogenase (quinone) activity	{'GO:0000006': 0}	1.0
GO:0008925	F:maltose O-acetyltransferase activity	{'GO:0000006': 0}	1.0
GO:0008926	F:mannitol-1-phosphate 5-dehydrogenase activity	{'GO:0000006': 0}	1.0
GO:0008927	F:mannonate dehydratase activity	{'GO:0000006': 0}	1.0
GO:0008929	F:methylglyoxal synthase activity	{'GO:0000006': 0}	1.0
GO:0008930	F:methylthioadenosine nucleosidase activity	{'GO:0000006': 0}	1.0
GO:0008932	F:lytic endotransglycosylase activity	{'GO:0000006': 0}	1.0
GO:0008933	F:lytic transglycosylase activity	{'GO:0000006': 0}	1.0
GO:0008934	F:inositol monophosphate 1-phosphatase activity	{'GO:0000006': 0}	1.0
GO:0008935	F:1,4-dihydroxy-2-naphthoyl-CoA synthase activity	{'GO:0000006': 0}	1.0
GO:0008936	F:nicotinamidase activity	{'GO:0000006': 0}	1.0
GO:0008939	F:nicotinate-nucleotide-dimethylbenzimidazole phosphoribosyltransferase activity	{'GO:0000006': 0}	1.0
GO:0008940	F:nitrate reductase activity	{'GO:0000006': 0}	1.0
GO:0008941	F:nitric oxide dioxygenase activity	{'GO:0000006': 0}	1.0
GO:0008942	F:nitrite reductase [NAD(P)H] activity	{'GO:0000006': 0}	1.0
GO:0008948	F:oxaloacetate decarboxylase activity	{'GO:0000006': 0}	1.0
GO:0008949	F:oxalyl-CoA decarboxylase activity	{'GO:0000006': 0}	1.0
GO:0008951	F:palmitoleoyl [acyl-carrier-protein]-dependent acyltransferase activity	{'GO:0000006': 0}	1.0
GO:0008955	F:peptidoglycan glycosyltransferase activity	{'GO:0000006': 0}	1.0
GO:0008957	F:phenylacetaldehyde dehydrogenase activity	{'GO:0000006': 0}	1.0
GO:0008959	F:phosphate acetyltransferase activity	{'GO:0000006': 0}	1.0
GO:0008960	F:phosphatidylglycerol-membrane-oligosaccharide glycerophosphotransferase activity	{'GO:0000006': 0}	1.0
GO:0008961	F:phosphatidylglycerol-prolipoprotein diacylglyceryl transferase activity	{'GO:0000006': 0}	1.0
GO:0008962	F:phosphatidylglycerophosphatase activity	{'GO:0000006': 0}	1.0
GO:0008963	F:phospho-N-acetylmuramoyl-pentapeptide-transferase activity	{'GO:0000006': 0}	1.0
GO:0008964	F:phosphoenolpyruvate carboxylase activity	{'GO:0000006': 0}	1.0
GO:0008965	F:phosphoenolpyruvate-protein phosphotransferase activity	{'GO:0000006': 0}	1.0
GO:0008966	F:phosphoglucosamine mutase activity	{'GO:0000006': 0}	1.0
GO:0008967	F:phosphoglycolate phosphatase activity	{'GO:0000006': 0}	1.0
GO:0008968	F:D-sedoheptulose 7-phosphate isomerase activity	{'GO:0000006': 0}	1.0
GO:0008970	F:phospholipase A1 activity	{'GO:0000006': 0}	1.0
GO:0008972	F:phosphomethylpyrimidine kinase activity	{'GO:0000006': 0}	1.0
GO:0008973	F:phosphopentomutase activity	{'GO:0000006': 0}	1.0
GO:0008974	F:phosphoribulokinase activity	{'GO:0000006': 0}	1.0
GO:0008976	F:polyphosphate kinase activity	{'GO:0000006': 0}	1.0
GO:0008977	F:prephenate dehydrogenase (NAD+) activity	{'GO:0000006': 0}	1.0
GO:0008979	F:prophage integrase activity	{'GO:0000006': 0}	1.0
GO:0008980	F:propionate kinase activity	{'GO:0000006': 0}	1.0
GO:0008982	F:protein-N(PI)-phosphohistidine-sugar phosphotransferase activity	{'GO:0000006': 0}	1.0
GO:0008983	F:protein-glutamate O-methyltransferase activity	{'GO:0000006': 0}	1.0
GO:0008984	F:protein-glutamate methylesterase activity	{'GO:0000006': 0}	1.0
GO:0008986	F:pyruvate, water dikinase activity	{'GO:0000006': 0}	1.0
GO:0008987	F:quinolinate synthetase A activity	{'GO:0000006': 0}	1.0
GO:0008988	F:rRNA (adenine-N6-)-methyltransferase activity	{'GO:0000006': 0}	1.0
GO:0008989	F:rRNA (guanine-N1-)-methyltransferase activity	{'GO:0000006': 0}	1.0
GO:0008990	F:rRNA (guanine-N2-)-methyltransferase activity	{'GO:0000006': 0}	1.0
GO:0008993	F:rhamnulokinase activity	{'GO:0000006': 0}	1.0
GO:0008994	F:rhamnulose-1-phosphate aldolase activity	{'GO:0000006': 0}	1.0
GO:0008995	F:ribonuclease E activity	{'GO:0000006': 0}	1.0
GO:0008996	F:ribonuclease G activity	{'GO:0000006': 0}	1.0
GO:0008997	F:ribonuclease R activity	{'GO:0000006': 0}	1.0
GO:0008998	F:ribonucleoside-triphosphate reductase activity	{'GO:0000006': 0}	1.0
GO:0008999	F:ribosomal-protein-alanine N-acetyltransferase activity	{'GO:0000006': 0}	1.0
GO:0009000	F:selenocysteine lyase activity	{'GO:0000006': 0}	1.0
GO:0009001	F:serine O-acetyltransferase activity	{'GO:0000006': 0}	1.0
GO:0009002	F:serine-type D-Ala-D-Ala carboxypeptidase activity	{'GO:0000006': 0}	1.0
GO:0009007	F:site-specific DNA-methyltransferase (adenine-specific) activity	{'GO:0000006': 0}	1.0
GO:0009009	F:site-specific recombinase activity	{'GO:0000006': 0}	1.0
GO:0009010	F:sorbitol-6-phosphate 2-dehydrogenase activity	{'GO:0000006': 0}	1.0
GO:0009011	F:starch synthase activity	{'GO:0000006': 0}	1.0
GO:0009013	F:succinate-semialdehyde dehydrogenase [NAD(P)+] activity	{'GO:0000006': 0}	1.0
GO:0009014	F:succinyl-diaminopimelate desuccinylase activity	{'GO:0000006': 0}	1.0
GO:0009015	F:N-succinylarginine dihydrolase activity	{'GO:0000006': 0}	1.0
GO:0009016	F:succinyldiaminopimelate transaminase activity	{'GO:0000006': 0}	1.0
GO:0009017	F:succinylglutamate desuccinylase activity	{'GO:0000006': 0}	1.0
GO:0009019	F:tRNA (guanine-N1-)-methyltransferase activity	{'GO:0000006': 0}	1.0
GO:0009020	F:tRNA (guanosine-2'-O-)-methyltransferase activity	{'GO:0000006': 0}	1.0
GO:0009022	F:tRNA nucleotidyltransferase activity	{'GO:0000006': 0}	1.0
GO:0009024	F:tagatose-6-phosphate kinase activity	{'GO:0000006': 0}	1.0
GO:0009025	F:tagatose-bisphosphate aldolase activity	{'GO:0000006': 0}	1.0
GO:0009026	F:tagaturonate reductase activity	{'GO:0000006': 0}	1.0
GO:0009027	F:tartrate dehydrogenase activity	{'GO:0000006': 0}	1.0
GO:0009028	F:tartronate-semialdehyde synthase activity	{'GO:0000006': 0}	1.0
GO:0009029	F:tetraacyldisaccharide 4'-kinase activity	{'GO:0000006': 0}	1.0
GO:0009030	F:thiamine-phosphate kinase activity	{'GO:0000006': 0}	1.0
GO:0009032	F:thymidine phosphorylase activity	{'GO:0000006': 0}	1.0
GO:0009034	F:tryptophanase activity	{'GO:0000006': 0}	1.0
GO:0009035	F:type I site-specific deoxyribonuclease activity	{'GO:0000006': 0}	1.0
GO:0009037	F:tyrosine-based site-specific recombinase activity	{'GO:0000006': 0}	1.0
GO:0009040	F:ureidoglycolate dehydrogenase activity	{'GO:0000006': 0}	1.0
GO:0009041	F:uridylate kinase activity	{'GO:0000006': 0}	1.0
GO:0009042	F:valine-pyruvate transaminase activity	{'GO:0000006': 0}	1.0
GO:0009044	F:xylan 1,4-beta-xylosidase activity	{'GO:0000006': 0}	1.0
GO:0009045	F:xylose isomerase activity	{'GO:0000006': 0}	1.0
GO:0009046	F:zinc D-Ala-D-Ala carboxypeptidase activity	{'GO:0000006': 0}	1.0
GO:0009050	P:glycopeptide catabolic process	{'GO:0000006': 0}	1.0
GO:0009051	P:pentose-phosphate shunt, oxidative branch	{'GO:0000006': 0}	1.0
GO:0009052	P:pentose-phosphate shunt, non-oxidative branch	{'GO:0000006': 0}	1.0
GO:0009055	F:electron transfer activity	{'GO:0000006': 0}	1.0
GO:0009056	P:catabolic process	{'GO:0000006': 0}	1.0
GO:0009058	P:biosynthetic process	{'GO:0000006': 0}	1.0
GO:0009060	P:aerobic respiration	{'GO:0000006': 0}	1.0
GO:0009061	P:anaerobic respiration	{'GO:0000006': 0}	1.0
GO:0009062	P:fatty acid catabolic process	{'GO:0000006': 0}	1.0
GO:0009063	P:cellular amino acid catabolic process	{'GO:0000006': 0}	1.0
GO:0009073	P:aromatic amino acid family biosynthetic process	{'GO:0000006': 0}	1.0
GO:0009082	P:branched-chain amino acid biosynthetic process	{'GO:0000006': 0}	1.0
GO:0009085	P:lysine biosynthetic process	{'GO:0000006': 0}	1.0
GO:0009086	P:methionine biosynthetic process	{'GO:0000006': 0}	1.0
GO:0009088	P:threonine biosynthetic process	{'GO:0000006': 0}	1.0
GO:0009089	P:lysine biosynthetic process via diaminopimelate	{'GO:0000006': 0}	1.0
GO:0009090	P:homoserine biosynthetic process	{'GO:0000006': 0}	1.0
GO:0009093	P:cysteine catabolic process	{'GO:0000006': 0}	1.0
GO:0009094	P:L-phenylalanine biosynthetic process	{'GO:0000006': 0}	1.0
GO:0009097	P:isoleucine biosynthetic process	{'GO:0000006': 0}	1.0
GO:0009098	P:leucine biosynthetic process	{'GO:0000006': 0}	1.0
GO:0009099	P:valine biosynthetic process	{'GO:0000006': 0}	1.0
GO:0009102	P:biotin biosynthetic process	{'GO:0000006': 0}	1.0
GO:0009103	P:lipopolysaccharide biosynthetic process	{'GO:0000006': 0}	1.0
GO:0009106	P:lipoate metabolic process	{'GO:0000006': 0}	1.0
GO:0009107	P:lipoate biosynthetic process	{'GO:0000006': 0}	1.0
GO:0009108	P:coenzyme biosynthetic process	{'GO:0000006': 0}	1.0
GO:0009113	P:purine nucleobase biosynthetic process	{'GO:0000006': 0}	1.0
GO:0009114	P:hypoxanthine catabolic process	{'GO:0000006': 0}	1.0
GO:0009116	P:nucleoside metabolic process	{'GO:0000006': 0}	1.0
GO:0009117	P:nucleotide metabolic process	{'GO:0000006': 0}	1.0
GO:0009123	P:nucleoside monophosphate metabolic process	{'GO:0000006': 0}	1.0
GO:0009132	P:nucleoside diphosphate metabolic process	{'GO:0000006': 0}	1.0
GO:0009143	P:nucleoside triphosphate catabolic process	{'GO:0000006': 0}	1.0
GO:0009146	P:purine nucleoside triphosphate catabolic process	{'GO:0000006': 0}	1.0
GO:0009152	P:purine ribonucleotide biosynthetic process	{'GO:0000006': 0}	1.0
GO:0009156	P:ribonucleoside monophosphate biosynthetic process	{'GO:0000006': 0}	1.0
GO:0009163	P:nucleoside biosynthetic process	{'GO:0000006': 0}	1.0
GO:0009165	P:nucleotide biosynthetic process	{'GO:0000006': 0}	1.0
GO:0009166	P:nucleotide catabolic process	{'GO:0000006': 0}	1.0
GO:0009168	P:purine ribonucleoside monophosphate biosynthetic process	{'GO:0000006': 0}	1.0
GO:0009220	P:pyrimidine ribonucleotide biosynthetic process	{'GO:0000006': 0}	1.0
GO:0009225	P:nucleotide-sugar metabolic process	{'GO:0000006': 0}	1.0
GO:0009226	P:nucleotide-sugar biosynthetic process	{'GO:0000006': 0}	1.0
GO:0009228	P:thiamine biosynthetic process	{'GO:0000006': 0}	1.0
GO:0009229	P:thiamine diphosphate biosynthetic process	{'GO:0000006': 0}	1.0
GO:0009231	P:riboflavin biosynthetic process	{'GO:0000006': 0}	1.0
GO:0009234	P:menaquinone biosynthetic process	{'GO:0000006': 0}	1.0
GO:0009236	P:cobalamin biosynthetic process	{'GO:0000006': 0}	1.0
GO:0009237	P:siderophore metabolic process	{'GO:0000006': 0}	1.0
GO:0009239	P:enterobactin biosynthetic process	{'GO:0000006': 0}	1.0
GO:0009240	P:isopentenyl diphosphate biosynthetic process	{'GO:0000006': 0}	1.0
GO:0009242	P:colanic acid biosynthetic process	{'GO:0000006': 0}	1.0
GO:0009243	P:O antigen biosynthetic process	{'GO:0000006': 0}	1.0
GO:0009244	P:lipopolysaccharide core region biosynthetic process	{'GO:0000006': 0}	1.0
GO:0009245	P:lipid A biosynthetic process	{'GO:0000006': 0}	1.0
GO:0009246	P:enterobacterial common antigen biosynthetic process	{'GO:0000006': 0}	1.0
GO:0009249	P:protein lipoylation	{'GO:0000006': 0}	1.0
GO:0009250	P:glucan biosynthetic process	{'GO:0000006': 0}	1.0
GO:0009251	P:glucan catabolic process	{'GO:0000006': 0}	1.0
GO:0009252	P:peptidoglycan biosynthetic process	{'GO:0000006': 0}	1.0
GO:0009253	P:peptidoglycan catabolic process	{'GO:0000006': 0}	1.0
GO:0009254	P:peptidoglycan turnover	{'GO:0000006': 0}	1.0
GO:0009255	P:Entner-Doudoroff pathway through 6-phosphogluconate	{'GO:0000006': 0}	1.0
GO:0009257	P:10-formyltetrahydrofolate biosynthetic process	{'GO:0000006': 0}	1.0
GO:0009263	P:deoxyribonucleotide biosynthetic process	{'GO:0000006': 0}	1.0
GO:0009264	P:deoxyribonucleotide catabolic process	{'GO:0000006': 0}	1.0
GO:0009265	P:2'-deoxyribonucleotide biosynthetic process	{'GO:0000006': 0}	1.0
GO:0009266	P:response to temperature stimulus	{'GO:0000006': 0}	1.0
GO:0009267	P:cellular response to starvation	{'GO:0000006': 0}	1.0
GO:0009268	P:response to pH	{'GO:0000006': 0}	1.0
GO:0009271	P:phage shock	{'GO:0000006': 0}	1.0
GO:0009273	P:peptidoglycan-based cell wall biogenesis	{'GO:0000006': 0}	1.0
GO:0009274	C:peptidoglycan-based cell wall	{'GO:0000006': 0}	1.0
GO:0009276	C:Gram-negative-bacterium-type cell wall	{'GO:0000006': 0}	1.0
GO:0009279	C:cell outer membrane	{'GO:0000006': 0}	1.0
GO:0009288	C:bacterial-type flagellum	{'GO:0000006': 0}	1.0
GO:0009289	C:pilus	{'GO:0000006': 0}	1.0
GO:0009290	P:DNA import into cell involved in transformation	{'GO:0000006': 0}	1.0
GO:0009294	P:DNA mediated transformation	{'GO:0000006': 0}	1.0
GO:0009295	C:nucleoid	{'GO:0000006': 0}	1.0
GO:0009297	P:pilus assembly	{'GO:0000006': 0}	1.0
GO:0009298	P:GDP-mannose biosynthetic process	{'GO:0000006': 0}	1.0
GO:0009305	P:protein biotinylation	{'GO:0000006': 0}	1.0
GO:0009306	P:protein secretion	{'GO:0000006': 0}	1.0
GO:0009307	P:DNA restriction-modification system	{'GO:0000006': 0}	1.0
GO:0009308	P:amine metabolic process	{'GO:0000006': 0}	1.0
GO:0009311	P:oligosaccharide metabolic process	{'GO:0000006': 0}	1.0
GO:0009313	P:oligosaccharide catabolic process	{'GO:0000006': 0}	1.0
GO:0009314	P:response to radiation	{'GO:0000006': 0}	1.0
GO:0009316	C:3-isopropylmalate dehydratase complex	{'GO:0000006': 0}	1.0
GO:0009317	C:acetyl-CoA carboxylase complex	{'GO:0000006': 0}	1.0
GO:0009318	C:exodeoxyribonuclease VII complex	{'GO:0000006': 0}	1.0
GO:0009319	C:cytochrome o ubiquinol oxidase complex	{'GO:0000006': 0}	1.0
GO:0009321	C:alkyl hydroperoxide reductase complex	{'GO:0000006': 0}	1.0
GO:0009325	C:nitrate reductase complex	{'GO:0000006': 0}	1.0
GO:0009326	C:formate dehydrogenase complex	{'GO:0000006': 0}	1.0
GO:0009328	C:phenylalanine-tRNA ligase complex	{'GO:0000006': 0}	1.0
GO:0009329	C:acetate CoA-transferase complex	{'GO:0000006': 0}	1.0
GO:0009330	C:DNA topoisomerase type II (double strand cut, ATP-hydrolyzing) complex	{'GO:0000006': 0}	1.0
GO:0009331	C:glycerol-3-phosphate dehydrogenase complex	{'GO:0000006': 0}	1.0
GO:0009333	C:cysteine synthase complex	{'GO:0000006': 0}	1.0
GO:0009337	C:sulfite reductase complex (NADPH)	{'GO:0000006': 0}	1.0
GO:0009338	C:exodeoxyribonuclease V complex	{'GO:0000006': 0}	1.0
GO:0009339	C:glycolate oxidase complex	{'GO:0000006': 0}	1.0
GO:0009341	C:beta-galactosidase complex	{'GO:0000006': 0}	1.0
GO:0009344	C:nitrite reductase complex [NAD(P)H]	{'GO:0000006': 0}	1.0
GO:0009346	C:citrate lyase complex	{'GO:0000006': 0}	1.0
GO:0009347	C:aspartate carbamoyltransferase complex	{'GO:0000006': 0}	1.0
GO:0009349	C:riboflavin synthase complex	{'GO:0000006': 0}	1.0
GO:0009350	C:ethanolamine ammonia-lyase complex	{'GO:0000006': 0}	1.0
GO:0009355	C:DNA polymerase V complex	{'GO:0000006': 0}	1.0
GO:0009358	C:polyphosphate kinase complex	{'GO:0000006': 0}	1.0
GO:0009360	C:DNA polymerase III complex	{'GO:0000006': 0}	1.0
GO:0009361	C:succinate-CoA ligase complex (ADP-forming)	{'GO:0000006': 0}	1.0
GO:0009366	C:enterobactin synthetase complex	{'GO:0000006': 0}	1.0
GO:0009368	C:endopeptidase Clp complex	{'GO:0000006': 0}	1.0
GO:0009372	P:quorum sensing	{'GO:0000006': 0}	1.0
GO:0009374	F:biotin binding	{'GO:0000006': 0}	1.0
GO:0009375	C:ferredoxin hydrogenase complex	{'GO:0000006': 0}	1.0
GO:0009376	C:HslUV protease complex	{'GO:0000006': 0}	1.0
GO:0009378	F:four-way junction helicase activity	{'GO:0000006': 0}	1.0
GO:0009379	C:Holliday junction helicase complex	{'GO:0000006': 0}	1.0
GO:0009380	C:excinuclease repair complex	{'GO:0000006': 0}	1.0
GO:0009381	F:excinuclease ABC activity	{'GO:0000006': 0}	1.0
GO:0009382	C:imidazoleglycerol-phosphate synthase complex	{'GO:0000006': 0}	1.0
GO:0009383	F:rRNA (cytosine-C5-)-methyltransferase activity	{'GO:0000006': 0}	1.0
GO:0009384	F:N-acylmannosamine kinase activity	{'GO:0000006': 0}	1.0
GO:0009385	F:N-acylmannosamine-6-phosphate 2-epimerase activity	{'GO:0000006': 0}	1.0
GO:0009389	F:dimethyl sulfoxide reductase activity	{'GO:0000006': 0}	1.0
GO:0009390	C:dimethyl sulfoxide reductase complex	{'GO:0000006': 0}	1.0
GO:0009392	F:N-acetyl-anhydromuramoyl-L-alanine amidase activity	{'GO:0000006': 0}	1.0
GO:0009395	P:phospholipid catabolic process	{'GO:0000006': 0}	1.0
GO:0009396	P:folic acid-containing compound biosynthetic process	{'GO:0000006': 0}	1.0
GO:0009398	P:FMN biosynthetic process	{'GO:0000006': 0}	1.0
GO:0009399	P:nitrogen fixation	{'GO:0000006': 0}	1.0
GO:0009401	P:phosphoenolpyruvate-dependent sugar phosphotransferase system	{'GO:0000006': 0}	1.0
GO:0009403	P:toxin biosynthetic process	{'GO:0000006': 0}	1.0
GO:0009405	P:pathogenesis	{'GO:0000006': 0}	1.0
GO:0009407	P:toxin catabolic process	{'GO:0000006': 0}	1.0
GO:0009408	P:response to heat	{'GO:0000006': 0}	1.0
GO:0009409	P:response to cold	{'GO:0000006': 0}	1.0
GO:0009410	P:response to xenobiotic stimulus	{'GO:0000006': 0}	1.0
GO:0009411	P:response to UV	{'GO:0000006': 0}	1.0
GO:0009416	P:response to light stimulus	{'GO:0000006': 0}	1.0
GO:0009420	C:bacterial-type flagellum filament	{'GO:0000006': 0}	1.0
GO:0009421	C:bacterial-type flagellum filament cap	{'GO:0000006': 0}	1.0
GO:0009423	P:chorismate biosynthetic process	{'GO:0000006': 0}	1.0
GO:0009424	C:bacterial-type flagellum hook	{'GO:0000006': 0}	1.0
GO:0009425	C:bacterial-type flagellum basal body	{'GO:0000006': 0}	1.0
GO:0009426	C:bacterial-type flagellum basal body, distal rod	{'GO:0000006': 0}	1.0
GO:0009427	C:bacterial-type flagellum basal body, distal rod, L ring	{'GO:0000006': 0}	1.0
GO:0009428	C:bacterial-type flagellum basal body, distal rod, P ring	{'GO:0000006': 0}	1.0
GO:0009431	C:bacterial-type flagellum basal body, MS ring	{'GO:0000006': 0}	1.0
GO:0009432	P:SOS response	{'GO:0000006': 0}	1.0
GO:0009435	P:NAD biosynthetic process	{'GO:0000006': 0}	1.0
GO:0009436	P:glyoxylate catabolic process	{'GO:0000006': 0}	1.0
GO:0009437	P:carnitine metabolic process	{'GO:0000006': 0}	1.0
GO:0009440	P:cyanate catabolic process	{'GO:0000006': 0}	1.0
GO:0009442	P:allantoin assimilation pathway	{'GO:0000006': 0}	1.0
GO:0009443	P:pyridoxal 5'-phosphate salvage	{'GO:0000006': 0}	1.0
GO:0009446	P:putrescine biosynthetic process	{'GO:0000006': 0}	1.0
GO:0009447	P:putrescine catabolic process	{'GO:0000006': 0}	1.0
GO:0009450	P:gamma-aminobutyric acid catabolic process	{'GO:0000006': 0}	1.0
GO:0009451	P:RNA modification	{'GO:0000006': 0}	1.0
GO:0009454	P:aerotaxis	{'GO:0000006': 0}	1.0
GO:0009486	F:cytochrome bo3 ubiquinol oxidase activity	{'GO:0000006': 0}	1.0
GO:0009593	P:detection of chemical stimulus	{'GO:0000006': 0}	1.0
GO:0009597	P:detection of virus	{'GO:0000006': 0}	1.0
GO:0009636	P:response to toxic substance	{'GO:0000006': 0}	1.0
GO:0009637	P:response to blue light	{'GO:0000006': 0}	1.0
GO:0009651	P:response to salt stress	{'GO:0000006': 0}	1.0
GO:0009675	F:high-affinity sulfate:proton symporter activity	{'GO:0000006': 0}	1.0
GO:0009697	P:salicylic acid biosynthetic process	{'GO:0000006': 0}	1.0
GO:0009750	P:response to fructose	{'GO:0000006': 0}	1.0
GO:0009758	P:carbohydrate utilization	{'GO:0000006': 0}	1.0
GO:0009882	F:blue light photoreceptor activity	{'GO:0000006': 0}	1.0
GO:0009898	C:cytoplasmic side of plasma membrane	{'GO:0000006': 0}	1.0
GO:0009927	F:histidine phosphotransfer kinase activity	{'GO:0000006': 0}	1.0
GO:0009968	P:negative regulation of signal transduction	{'GO:0000006': 0}	1.0
GO:0009970	P:cellular response to sulfate starvation	{'GO:0000006': 0}	1.0
GO:0009972	P:cytidine deamination	{'GO:0000006': 0}	1.0
GO:0009977	F:proton motive force dependent protein transmembrane transporter activity	{'GO:0000006': 0}	1.0
GO:0009982	F:pseudouridine synthase activity	{'GO:0000006': 0}	1.0
GO:0009986	C:cell surface	{'GO:0000006': 0}	1.0
GO:0009992	P:cellular water homeostasis	{'GO:0000006': 0}	1.0
GO:0010033	P:response to organic substance	{'GO:0000006': 0}	1.0
GO:0010038	P:response to metal ion	{'GO:0000006': 0}	1.0
GO:0010039	P:response to iron ion	{'GO:0000006': 0}	1.0
GO:0010041	P:response to iron(III) ion	{'GO:0000006': 0}	1.0
GO:0010042	P:response to manganese ion	{'GO:0000006': 0}	1.0
GO:0010043	P:response to zinc ion	{'GO:0000006': 0}	1.0
GO:0010045	P:response to nickel cation	{'GO:0000006': 0}	1.0
GO:0010106	P:cellular response to iron ion starvation	{'GO:0000006': 0}	1.0
GO:0010124	P:phenylacetate catabolic process	{'GO:0000006': 0}	1.0
GO:0010133	P:proline catabolic process to glutamate	{'GO:0000006': 0}	1.0
GO:0010139	P:pyrimidine deoxyribonucleotide salvage	{'GO:0000006': 0}	1.0
GO:0010165	P:response to X-ray	{'GO:0000006': 0}	1.0
GO:0010181	F:FMN binding	{'GO:0000006': 0}	1.0
GO:0010212	P:response to ionizing radiation	{'GO:0000006': 0}	1.0
GO:0010226	P:response to lithium ion	{'GO:0000006': 0}	1.0
GO:0010243	P:response to organonitrogen compound	{'GO:0000006': 0}	1.0
GO:0010272	P:response to silver ion	{'GO:0000006': 0}	1.0
GO:0010273	P:detoxification of copper ion	{'GO:0000006': 0}	1.0
GO:0010312	P:detoxification of zinc ion	{'GO:0000006': 0}	1.0
GO:0010326	F:methionine-oxo-acid transaminase activity	{'GO:0000006': 0}	1.0
GO:0010332	P:response to gamma radiation	{'GO:0000006': 0}	1.0
GO:0010340	F:carboxyl-O-methyltransferase activity	{'GO:0000006': 0}	1.0
GO:0010350	P:cellular response to magnesium starvation	{'GO:0000006': 0}	1.0
GO:0010385	F:double-stranded methylated DNA binding	{'GO:0000006': 0}	1.0
GO:0010438	P:cellular response to sulfur starvation	{'GO:0000006': 0}	1.0
GO:0010446	P:response to alkaline pH	{'GO:0000006': 0}	1.0
GO:0010447	P:response to acidic pH	{'GO:0000006': 0}	1.0
GO:0010468	P:regulation of gene expression	{'GO:0000006': 0}	1.0
GO:0010487	F:thermospermine synthase activity	{'GO:0000006': 0}	1.0
GO:0010498	P:proteasomal protein catabolic process	{'GO:0000006': 0}	1.0
GO:0010557	P:positive regulation of macromolecule biosynthetic process	{'GO:0000006': 0}	1.0
GO:0010608	P:posttranscriptional regulation of gene expression	{'GO:0000006': 0}	1.0
GO:0010628	P:positive regulation of gene expression	{'GO:0000006': 0}	1.0
GO:0010629	P:negative regulation of gene expression	{'GO:0000006': 0}	1.0
GO:0010676	P:positive regulation of cellular carbohydrate metabolic process	{'GO:0000006': 0}	1.0
GO:0010795	P:regulation of ubiquinone biosynthetic process	{'GO:0000006': 0}	1.0
GO:0010810	P:regulation of cell-substrate adhesion	{'GO:0000006': 0}	1.0
GO:0010864	P:positive regulation of protein histidine kinase activity	{'GO:0000006': 0}	1.0
GO:0010911	P:regulation of isomerase activity	{'GO:0000006': 0}	1.0
GO:0010921	P:regulation of phosphatase activity	{'GO:0000006': 0}	1.0
GO:0010951	P:negative regulation of endopeptidase activity	{'GO:0000006': 0}	1.0
GO:0010967	P:regulation of polyamine biosynthetic process	{'GO:0000006': 0}	1.0
GO:0010974	P:negative regulation of division septum assembly	{'GO:0000006': 0}	1.0
GO:0012501	P:programmed cell death	{'GO:0000006': 0}	1.0
GO:0014070	P:response to organic cyclic compound	{'GO:0000006': 0}	1.0
GO:0015020	F:glucuronosyltransferase activity	{'GO:0000006': 0}	1.0
GO:0015031	P:protein transport	{'GO:0000006': 0}	1.0
GO:0015035	F:protein disulfide oxidoreductase activity	{'GO:0000006': 0}	1.0
GO:0015036	F:disulfide oxidoreductase activity	{'GO:0000006': 0}	1.0
GO:0015038	F:glutathione disulfide oxidoreductase activity	{'GO:0000006': 0}	1.0
GO:0015044	F:rubredoxin-NAD+ reductase activity	{'GO:0000006': 0}	1.0
GO:0015074	P:DNA integration	{'GO:0000006': 0}	1.0
GO:0015075	F:ion transmembrane transporter activity	{'GO:0000006': 0}	1.0
GO:0015078	F:proton transmembrane transporter activity	{'GO:0000006': 0}	1.0
GO:0015079	F:potassium ion transmembrane transporter activity	{'GO:0000006': 0}	1.0
GO:0015080	F:silver ion transmembrane transporter activity	{'GO:0000006': 0}	1.0
GO:0015081	F:sodium ion transmembrane transporter activity	{'GO:0000006': 0}	1.0
GO:0015086	F:cadmium ion transmembrane transporter activity	{'GO:0000006': 0}	1.0
GO:0015087	F:cobalt ion transmembrane transporter activity	{'GO:0000006': 0}	1.0
GO:0015091	F:ferric iron transmembrane transporter activity	{'GO:0000006': 0}	1.0
GO:0015093	F:ferrous iron transmembrane transporter activity	{'GO:0000006': 0}	1.0
GO:0015094	F:lead ion transmembrane transporter activity	{'GO:0000006': 0}	1.0
GO:0015095	F:magnesium ion transmembrane transporter activity	{'GO:0000006': 0}	1.0
GO:0015098	F:molybdate ion transmembrane transporter activity	{'GO:0000006': 0}	1.0
GO:0015099	F:nickel cation transmembrane transporter activity	{'GO:0000006': 0}	1.0
GO:0015112	F:nitrate transmembrane transporter activity	{'GO:0000006': 0}	1.0
GO:0015116	F:sulfate transmembrane transporter activity	{'GO:0000006': 0}	1.0
GO:0015123	F:acetate transmembrane transporter activity	{'GO:0000006': 0}	1.0
GO:0015125	F:bile acid transmembrane transporter activity	{'GO:0000006': 0}	1.0
GO:0015128	F:gluconate transmembrane transporter activity	{'GO:0000006': 0}	1.0
GO:0015129	F:lactate transmembrane transporter activity	{'GO:0000006': 0}	1.0
GO:0015134	F:hexuronate transmembrane transporter activity	{'GO:0000006': 0}	1.0
GO:0015136	F:sialic acid transmembrane transporter activity	{'GO:0000006': 0}	1.0
GO:0015138	F:fumarate transmembrane transporter activity	{'GO:0000006': 0}	1.0
GO:0015141	F:succinate transmembrane transporter activity	{'GO:0000006': 0}	1.0
GO:0015143	F:urate transmembrane transporter activity	{'GO:0000006': 0}	1.0
GO:0015144	F:carbohydrate transmembrane transporter activity	{'GO:0000006': 0}	1.0
GO:0015147	F:L-arabinose transmembrane transporter activity	{'GO:0000006': 0}	1.0
GO:0015148	F:D-xylose transmembrane transporter activity	{'GO:0000006': 0}	1.0
GO:0015150	F:fucose transmembrane transporter activity	{'GO:0000006': 0}	1.0
GO:0015153	F:rhamnose transmembrane transporter activity	{'GO:0000006': 0}	1.0
GO:0015159	F:polysaccharide transmembrane transporter activity	{'GO:0000006': 0}	1.0
GO:0015168	F:glycerol transmembrane transporter activity	{'GO:0000006': 0}	1.0
GO:0015169	F:glycerol-3-phosphate transmembrane transporter activity	{'GO:0000006': 0}	1.0
GO:0015171	F:amino acid transmembrane transporter activity	{'GO:0000006': 0}	1.0
GO:0015173	F:aromatic amino acid transmembrane transporter activity	{'GO:0000006': 0}	1.0
GO:0015175	F:neutral amino acid transmembrane transporter activity	{'GO:0000006': 0}	1.0
GO:0015179	F:L-amino acid transmembrane transporter activity	{'GO:0000006': 0}	1.0
GO:0015180	F:L-alanine transmembrane transporter activity	{'GO:0000006': 0}	1.0
GO:0015181	F:arginine transmembrane transporter activity	{'GO:0000006': 0}	1.0
GO:0015183	F:L-aspartate transmembrane transporter activity	{'GO:0000006': 0}	1.0
GO:0015184	F:L-cystine transmembrane transporter activity	{'GO:0000006': 0}	1.0
GO:0015185	F:gamma-aminobutyric acid transmembrane transporter activity	{'GO:0000006': 0}	1.0
GO:0015187	F:glycine transmembrane transporter activity	{'GO:0000006': 0}	1.0
GO:0015188	F:L-isoleucine transmembrane transporter activity	{'GO:0000006': 0}	1.0
GO:0015190	F:L-leucine transmembrane transporter activity	{'GO:0000006': 0}	1.0
GO:0015191	F:L-methionine transmembrane transporter activity	{'GO:0000006': 0}	1.0
GO:0015192	F:L-phenylalanine transmembrane transporter activity	{'GO:0000006': 0}	1.0
GO:0015194	F:L-serine transmembrane transporter activity	{'GO:0000006': 0}	1.0
GO:0015195	F:L-threonine transmembrane transporter activity	{'GO:0000006': 0}	1.0
GO:0015196	F:L-tryptophan transmembrane transporter activity	{'GO:0000006': 0}	1.0
GO:0015199	F:amino-acid betaine transmembrane transporter activity	{'GO:0000006': 0}	1.0
GO:0015205	F:nucleobase transmembrane transporter activity	{'GO:0000006': 0}	1.0
GO:0015207	F:adenine transmembrane transporter activity	{'GO:0000006': 0}	1.0
GO:0015208	F:guanine transmembrane transporter activity	{'GO:0000006': 0}	1.0
GO:0015209	F:cytosine transmembrane transporter activity	{'GO:0000006': 0}	1.0
GO:0015210	F:uracil transmembrane transporter activity	{'GO:0000006': 0}	1.0
GO:0015211	F:purine nucleoside transmembrane transporter activity	{'GO:0000006': 0}	1.0
GO:0015212	F:cytidine transmembrane transporter activity	{'GO:0000006': 0}	1.0
GO:0015213	F:uridine transmembrane transporter activity	{'GO:0000006': 0}	1.0
GO:0015214	F:pyrimidine nucleoside transmembrane transporter activity	{'GO:0000006': 0}	1.0
GO:0015218	F:pyrimidine nucleotide transmembrane transporter activity	{'GO:0000006': 0}	1.0
GO:0015220	F:choline transmembrane transporter activity	{'GO:0000006': 0}	1.0
GO:0015221	F:lipopolysaccharide transmembrane transporter activity	{'GO:0000006': 0}	1.0
GO:0015226	F:carnitine transmembrane transporter activity	{'GO:0000006': 0}	1.0
GO:0015230	F:FAD transmembrane transporter activity	{'GO:0000006': 0}	1.0
GO:0015232	F:heme transporter activity	{'GO:0000006': 0}	1.0
GO:0015233	F:pantothenate transmembrane transporter activity	{'GO:0000006': 0}	1.0
GO:0015234	F:thiamine transmembrane transporter activity	{'GO:0000006': 0}	1.0
GO:0015250	F:water channel activity	{'GO:0000006': 0}	1.0
GO:0015254	F:glycerol channel activity	{'GO:0000006': 0}	1.0
GO:0015267	F:channel activity	{'GO:0000006': 0}	1.0
GO:0015276	F:ligand-gated ion channel activity	{'GO:0000006': 0}	1.0
GO:0015288	F:porin activity	{'GO:0000006': 0}	1.0
GO:0015291	F:secondary active transmembrane transporter activity	{'GO:0000006': 0}	1.0
GO:0015292	F:uniporter activity	{'GO:0000006': 0}	1.0
GO:0015293	F:symporter activity	{'GO:0000006': 0}	1.0
GO:0015294	F:solute:cation symporter activity	{'GO:0000006': 0}	1.0
GO:0015295	F:solute:proton symporter activity	{'GO:0000006': 0}	1.0
GO:0015297	F:antiporter activity	{'GO:0000006': 0}	1.0
GO:0015298	F:solute:cation antiporter activity	{'GO:0000006': 0}	1.0
GO:0015299	F:solute:proton antiporter activity	{'GO:0000006': 0}	1.0
GO:0015315	F:organophosphate:inorganic phosphate antiporter activity	{'GO:0000006': 0}	1.0
GO:0015333	F:peptide:proton symporter activity	{'GO:0000006': 0}	1.0
GO:0015341	F:zinc efflux active transmembrane transporter activity	{'GO:0000006': 0}	1.0
GO:0015343	F:siderophore transmembrane transporter activity	{'GO:0000006': 0}	1.0
GO:0015344	F:siderophore uptake transmembrane transporter activity	{'GO:0000006': 0}	1.0
GO:0015360	F:acetate:proton symporter activity	{'GO:0000006': 0}	1.0
GO:0015366	F:malate:proton symporter activity	{'GO:0000006': 0}	1.0
GO:0015379	F:potassium:chloride symporter activity	{'GO:0000006': 0}	1.0
GO:0015385	F:sodium:proton antiporter activity	{'GO:0000006': 0}	1.0
GO:0015386	F:potassium:proton antiporter activity	{'GO:0000006': 0}	1.0
GO:0015387	F:potassium:proton symporter activity	{'GO:0000006': 0}	1.0
GO:0015407	F:ATPase-coupled monosaccharide transmembrane transporter activity	{'GO:0000006': 0}	1.0
GO:0015408	F:ATPase-coupled ferric iron transmembrane transporter activity	{'GO:0000006': 0}	1.0
GO:0015411	F:ATPase-coupled taurine transporter activity	{'GO:0000006': 0}	1.0
GO:0015412	F:ATPase-coupled molybdate transmembrane transporter activity	{'GO:0000006': 0}	1.0
GO:0015413	F:ATPase-coupled nickel transmembrane transporter activity	{'GO:0000006': 0}	1.0
GO:0015415	F:ATPase-coupled phosphate ion transmembrane transporter activity	{'GO:0000006': 0}	1.0
GO:0015416	F:ATPase-coupled organic phosphonate transmembrane transporter activity	{'GO:0000006': 0}	1.0
GO:0015417	F:ATPase-coupled polyamine transmembrane transporter activity	{'GO:0000006': 0}	1.0
GO:0015419	F:ATPase-coupled sulfate transmembrane transporter activity	{'GO:0000006': 0}	1.0
GO:0015420	F:ATPase-coupled vitamin B12 transmembrane transporter activity	{'GO:0000006': 0}	1.0
GO:0015423	F:ATPase-coupled maltose transmembrane transporter activity	{'GO:0000006': 0}	1.0
GO:0015424	F:ATPase-coupled amino acid transmembrane transporter activity	{'GO:0000006': 0}	1.0
GO:0015426	F:ATPase-coupled polar amino acid-transporter activity	{'GO:0000006': 0}	1.0
GO:0015430	F:ATPase-coupled glycerol-3-phosphate transmembrane transporter activity	{'GO:0000006': 0}	1.0
GO:0015437	F:lipopolysaccharide floppase activity	{'GO:0000006': 0}	1.0
GO:0015439	F:ATPase-coupled heme transmembrane transporter activity	{'GO:0000006': 0}	1.0
GO:0015444	F:magnesium transmembrane transporter activity, phosphorylative mechanism	{'GO:0000006': 0}	1.0
GO:0015450	F:P-P-bond-hydrolysis-driven protein transmembrane transporter activity	{'GO:0000006': 0}	1.0
GO:0015453	F:oxidoreduction-driven active transmembrane transporter activity	{'GO:0000006': 0}	1.0
GO:0015462	F:ATPase-coupled protein transmembrane transporter activity	{'GO:0000006': 0}	1.0
GO:0015471	F:nucleoside-specific channel forming porin activity	{'GO:0000006': 0}	1.0
GO:0015473	F:fimbrial usher porin activity	{'GO:0000006': 0}	1.0
GO:0015478	F:oligosaccharide transporting porin activity	{'GO:0000006': 0}	1.0
GO:0015481	F:maltose transporting porin activity	{'GO:0000006': 0}	1.0
GO:0015483	F:long-chain fatty acid transporting porin activity	{'GO:0000006': 0}	1.0
GO:0015487	F:melibiose:cation symporter activity	{'GO:0000006': 0}	1.0
GO:0015489	F:putrescine transmembrane transporter activity	{'GO:0000006': 0}	1.0
GO:0015491	F:cation:cation antiporter activity	{'GO:0000006': 0}	1.0
GO:0015496	F:putrescine:ornithine antiporter activity	{'GO:0000006': 0}	1.0
GO:0015499	F:formate transmembrane transporter activity	{'GO:0000006': 0}	1.0
GO:0015501	F:glutamate:sodium symporter activity	{'GO:0000006': 0}	1.0
GO:0015503	F:glutathione-regulated potassium exporter activity	{'GO:0000006': 0}	1.0
GO:0015505	F:uracil:cation symporter activity	{'GO:0000006': 0}	1.0
GO:0015506	F:nucleoside:proton symporter activity	{'GO:0000006': 0}	1.0
GO:0015513	F:high-affinity secondary active nitrite transmembrane transporter activity	{'GO:0000006': 0}	1.0
GO:0015514	F:nitrite efflux transmembrane transporter activity	{'GO:0000006': 0}	1.0
GO:0015517	F:galactose:proton symporter activity	{'GO:0000006': 0}	1.0
GO:0015518	F:arabinose:proton symporter activity	{'GO:0000006': 0}	1.0
GO:0015519	F:D-xylose:proton symporter activity	{'GO:0000006': 0}	1.0
GO:0015526	F:hexose-phosphate:inorganic phosphate antiporter activity	{'GO:0000006': 0}	1.0
GO:0015527	F:glycerol-phosphate:inorganic phosphate antiporter activity	{'GO:0000006': 0}	1.0
GO:0015528	F:lactose:proton symporter activity	{'GO:0000006': 0}	1.0
GO:0015530	F:shikimate transmembrane transporter activity	{'GO:0000006': 0}	1.0
GO:0015535	F:fucose:proton symporter activity	{'GO:0000006': 0}	1.0
GO:0015538	F:sialic acid:proton symporter activity	{'GO:0000006': 0}	1.0
GO:0015546	F:sulfathiazole transmembrane transporter activity	{'GO:0000006': 0}	1.0
GO:0015553	F:xanthosine transmembrane transporter activity	{'GO:0000006': 0}	1.0
GO:0015556	F:C4-dicarboxylate transmembrane transporter activity	{'GO:0000006': 0}	1.0
GO:0015558	F:secondary active p-aminobenzoyl-glutamate transmembrane transporter activity	{'GO:0000006': 0}	1.0
GO:0015562	F:efflux transmembrane transporter activity	{'GO:0000006': 0}	1.0
GO:0015565	F:threonine efflux transmembrane transporter activity	{'GO:0000006': 0}	1.0
GO:0015568	F:L-idonate transmembrane transporter activity	{'GO:0000006': 0}	1.0
GO:0015572	F:N-acetylglucosamine transmembrane transporter activity	{'GO:0000006': 0}	1.0
GO:0015574	F:trehalose transmembrane transporter activity	{'GO:0000006': 0}	1.0
GO:0015577	F:galactitol transmembrane transporter activity	{'GO:0000006': 0}	1.0
GO:0015591	F:D-ribose transmembrane transporter activity	{'GO:0000006': 0}	1.0
GO:0015592	F:methylgalactoside transmembrane transporter activity	{'GO:0000006': 0}	1.0
GO:0015594	F:ATPase-coupled putrescine transmembrane transporter activity	{'GO:0000006': 0}	1.0
GO:0015595	F:ATPase-coupled spermidine transmembrane transporter activity	{'GO:0000006': 0}	1.0
GO:0015599	F:ATPase-coupled L-glutamine transmembrane transporter activity	{'GO:0000006': 0}	1.0
GO:0015603	F:iron chelate transmembrane transporter activity	{'GO:0000006': 0}	1.0
GO:0015606	F:spermidine transmembrane transporter activity	{'GO:0000006': 0}	1.0
GO:0015611	F:D-ribose-importing ATPase activity	{'GO:0000006': 0}	1.0
GO:0015612	F:L-arabinose-importing ATPase activity	{'GO:0000006': 0}	1.0
GO:0015614	F:ATPase-coupled D-xylose transmembrane transporter activity	{'GO:0000006': 0}	1.0
GO:0015616	F:DNA translocase activity	{'GO:0000006': 0}	1.0
GO:0015620	F:ferric-enterobactin transmembrane transporter activity	{'GO:0000006': 0}	1.0
GO:0015625	F:ATPase-coupled ferric-hydroxamate transmembrane transporter activity	{'GO:0000006': 0}	1.0
GO:0015627	C:type II protein secretion system complex	{'GO:0000006': 0}	1.0
GO:0015628	P:protein secretion by the type II secretion system	{'GO:0000006': 0}	1.0
GO:0015633	F:ATPase-coupled zinc transmembrane transporter activity	{'GO:0000006': 0}	1.0
GO:0015638	F:microcin transmembrane transporter activity	{'GO:0000006': 0}	1.0
GO:0015643	F:toxic substance binding	{'GO:0000006': 0}	1.0
GO:0015648	F:lipid-linked peptidoglycan transporter activity	{'GO:0000006': 0}	1.0
GO:0015649	F:2-keto-3-deoxygluconate:proton symporter activity	{'GO:0000006': 0}	1.0
GO:0015654	F:tellurite transmembrane transporter activity	{'GO:0000006': 0}	1.0
GO:0015655	F:alanine:sodium symporter activity	{'GO:0000006': 0}	1.0
GO:0015658	F:branched-chain amino acid transmembrane transporter activity	{'GO:0000006': 0}	1.0
GO:0015661	F:L-lysine efflux transmembrane transporter activity	{'GO:0000006': 0}	1.0
GO:0015662	F:ion transmembrane transporter activity, phosphorylative mechanism	{'GO:0000006': 0}	1.0
GO:0015666	F:restriction endodeoxyribonuclease activity	{'GO:0000006': 0}	1.0
GO:0015670	P:carbon dioxide transport	{'GO:0000006': 0}	1.0
GO:0015673	P:silver ion transport	{'GO:0000006': 0}	1.0
GO:0015675	P:nickel cation transport	{'GO:0000006': 0}	1.0
GO:0015679	P:plasma membrane copper ion transport	{'GO:0000006': 0}	1.0
GO:0015685	P:ferric-enterobactin import into cell	{'GO:0000006': 0}	1.0
GO:0015689	P:molybdate ion transport	{'GO:0000006': 0}	1.0
GO:0015691	P:cadmium ion transport	{'GO:0000006': 0}	1.0
GO:0015692	P:lead ion transport	{'GO:0000006': 0}	1.0
GO:0015693	P:magnesium ion transport	{'GO:0000006': 0}	1.0
GO:0015696	P:ammonium transport	{'GO:0000006': 0}	1.0
GO:0015699	P:antimonite transport	{'GO:0000006': 0}	1.0
GO:0015700	P:arsenite transport	{'GO:0000006': 0}	1.0
GO:0015706	P:nitrate transport	{'GO:0000006': 0}	1.0
GO:0015707	P:nitrite transport	{'GO:0000006': 0}	1.0
GO:0015709	P:thiosulfate transport	{'GO:0000006': 0}	1.0
GO:0015710	P:tellurite transport	{'GO:0000006': 0}	1.0
GO:0015712	P:hexose phosphate transport	{'GO:0000006': 0}	1.0
GO:0015716	P:organic phosphonate transport	{'GO:0000006': 0}	1.0
GO:0015721	P:bile acid and bile salt transport	{'GO:0000006': 0}	1.0
GO:0015724	P:formate transport	{'GO:0000006': 0}	1.0
GO:0015726	P:L-idonate transmembrane transport	{'GO:0000006': 0}	1.0
GO:0015733	P:shikimate transmembrane transport	{'GO:0000006': 0}	1.0
GO:0015734	P:taurine transport	{'GO:0000006': 0}	1.0
GO:0015736	P:hexuronate transmembrane transport	{'GO:0000006': 0}	1.0
GO:0015739	P:sialic acid transport	{'GO:0000006': 0}	1.0
GO:0015740	P:C4-dicarboxylate transport	{'GO:0000006': 0}	1.0
GO:0015741	P:fumarate transport	{'GO:0000006': 0}	1.0
GO:0015744	P:succinate transport	{'GO:0000006': 0}	1.0
GO:0015747	P:urate transport	{'GO:0000006': 0}	1.0
GO:0015751	P:arabinose transmembrane transport	{'GO:0000006': 0}	1.0
GO:0015752	P:D-ribose transmembrane transport	{'GO:0000006': 0}	1.0
GO:0015753	P:D-xylose transmembrane transport	{'GO:0000006': 0}	1.0
GO:0015756	P:fucose transmembrane transport	{'GO:0000006': 0}	1.0
GO:0015757	P:galactose transmembrane transport	{'GO:0000006': 0}	1.0
GO:0015760	P:glucose-6-phosphate transport	{'GO:0000006': 0}	1.0
GO:0015761	P:mannose transmembrane transport	{'GO:0000006': 0}	1.0
GO:0015762	P:rhamnose transmembrane transport	{'GO:0000006': 0}	1.0
GO:0015764	P:N-acetylglucosamine transport	{'GO:0000006': 0}	1.0
GO:0015765	P:methylgalactoside transport	{'GO:0000006': 0}	1.0
GO:0015767	P:lactose transport	{'GO:0000006': 0}	1.0
GO:0015768	P:maltose transport	{'GO:0000006': 0}	1.0
GO:0015769	P:melibiose transport	{'GO:0000006': 0}	1.0
GO:0015771	P:trehalose transport	{'GO:0000006': 0}	1.0
GO:0015772	P:oligosaccharide transport	{'GO:0000006': 0}	1.0
GO:0015774	P:polysaccharide transport	{'GO:0000006': 0}	1.0
GO:0015793	P:glycerol transport	{'GO:0000006': 0}	1.0
GO:0015794	P:glycerol-3-phosphate transmembrane transport	{'GO:0000006': 0}	1.0
GO:0015796	P:galactitol transport	{'GO:0000006': 0}	1.0
GO:0015797	P:mannitol transport	{'GO:0000006': 0}	1.0
GO:0015803	P:branched-chain amino acid transport	{'GO:0000006': 0}	1.0
GO:0015806	P:S-methylmethionine transport	{'GO:0000006': 0}	1.0
GO:0015807	P:L-amino acid transport	{'GO:0000006': 0}	1.0
GO:0015808	P:L-alanine transport	{'GO:0000006': 0}	1.0
GO:0015809	P:arginine transport	{'GO:0000006': 0}	1.0
GO:0015810	P:aspartate transmembrane transport	{'GO:0000006': 0}	1.0
GO:0015811	P:L-cystine transport	{'GO:0000006': 0}	1.0
GO:0015812	P:gamma-aminobutyric acid transport	{'GO:0000006': 0}	1.0
GO:0015813	P:L-glutamate transmembrane transport	{'GO:0000006': 0}	1.0
GO:0015814	P:p-aminobenzoyl-glutamate transport	{'GO:0000006': 0}	1.0
GO:0015816	P:glycine transport	{'GO:0000006': 0}	1.0
GO:0015817	P:histidine transport	{'GO:0000006': 0}	1.0
GO:0015818	P:isoleucine transport	{'GO:0000006': 0}	1.0
GO:0015820	P:leucine transport	{'GO:0000006': 0}	1.0
GO:0015821	P:methionine transport	{'GO:0000006': 0}	1.0
GO:0015822	P:ornithine transport	{'GO:0000006': 0}	1.0
GO:0015823	P:phenylalanine transport	{'GO:0000006': 0}	1.0
GO:0015824	P:proline transport	{'GO:0000006': 0}	1.0
GO:0015825	P:L-serine transport	{'GO:0000006': 0}	1.0
GO:0015826	P:threonine transport	{'GO:0000006': 0}	1.0
GO:0015827	P:tryptophan transport	{'GO:0000006': 0}	1.0
GO:0015828	P:tyrosine transport	{'GO:0000006': 0}	1.0
GO:0015829	P:valine transport	{'GO:0000006': 0}	1.0
GO:0015833	P:peptide transport	{'GO:0000006': 0}	1.0
GO:0015835	P:peptidoglycan transport	{'GO:0000006': 0}	1.0
GO:0015836	P:lipid-linked peptidoglycan transport	{'GO:0000006': 0}	1.0
GO:0015839	P:cadaverine transport	{'GO:0000006': 0}	1.0
GO:0015846	P:polyamine transport	{'GO:0000006': 0}	1.0
GO:0015847	P:putrescine transport	{'GO:0000006': 0}	1.0
GO:0015848	P:spermidine transport	{'GO:0000006': 0}	1.0
GO:0015851	P:nucleobase transport	{'GO:0000006': 0}	1.0
GO:0015853	P:adenine transport	{'GO:0000006': 0}	1.0
GO:0015856	P:cytosine transport	{'GO:0000006': 0}	1.0
GO:0015857	P:uracil transport	{'GO:0000006': 0}	1.0
GO:0015858	P:nucleoside transport	{'GO:0000006': 0}	1.0
GO:0015860	P:purine nucleoside transmembrane transport	{'GO:0000006': 0}	1.0
GO:0015862	P:uridine transport	{'GO:0000006': 0}	1.0
GO:0015864	P:pyrimidine nucleoside transport	{'GO:0000006': 0}	1.0
GO:0015871	P:choline transport	{'GO:0000006': 0}	1.0
GO:0015879	P:carnitine transport	{'GO:0000006': 0}	1.0
GO:0015882	P:L-ascorbic acid transmembrane transport	{'GO:0000006': 0}	1.0
GO:0015886	P:heme transport	{'GO:0000006': 0}	1.0
GO:0015887	P:pantothenate transmembrane transport	{'GO:0000006': 0}	1.0
GO:0015888	P:thiamine transport	{'GO:0000006': 0}	1.0
GO:0015889	P:cobalamin transport	{'GO:0000006': 0}	1.0
GO:0015891	P:siderophore transport	{'GO:0000006': 0}	1.0
GO:0015908	P:fatty acid transport	{'GO:0000006': 0}	1.0
GO:0015912	P:short-chain fatty acid transport	{'GO:0000006': 0}	1.0
GO:0015914	P:phospholipid transport	{'GO:0000006': 0}	1.0
GO:0015920	P:lipopolysaccharide transport	{'GO:0000006': 0}	1.0
GO:0015921	P:lipopolysaccharide export	{'GO:0000006': 0}	1.0
GO:0015926	F:glucosidase activity	{'GO:0000006': 0}	1.0
GO:0015930	F:glutamate synthase activity	{'GO:0000006': 0}	1.0
GO:0015934	C:large ribosomal subunit	{'GO:0000006': 0}	1.0
GO:0015935	C:small ribosomal subunit	{'GO:0000006': 0}	1.0
GO:0015937	P:coenzyme A biosynthetic process	{'GO:0000006': 0}	1.0
GO:0015940	P:pantothenate biosynthetic process	{'GO:0000006': 0}	1.0
GO:0015941	P:pantothenate catabolic process	{'GO:0000006': 0}	1.0
GO:0015944	P:formate oxidation	{'GO:0000006': 0}	1.0
GO:0015949	P:nucleobase-containing small molecule interconversion	{'GO:0000006': 0}	1.0
GO:0015950	P:purine nucleotide interconversion	{'GO:0000006': 0}	1.0
GO:0015951	P:purine ribonucleotide interconversion	{'GO:0000006': 0}	1.0
GO:0015968	P:stringent response	{'GO:0000006': 0}	1.0
GO:0015969	P:guanosine tetraphosphate metabolic process	{'GO:0000006': 0}	1.0
GO:0015970	P:guanosine tetraphosphate biosynthetic process	{'GO:0000006': 0}	1.0
GO:0015974	P:guanosine pentaphosphate catabolic process	{'GO:0000006': 0}	1.0
GO:0015976	P:carbon utilization	{'GO:0000006': 0}	1.0
GO:0015977	P:carbon fixation	{'GO:0000006': 0}	1.0
GO:0015986	P:ATP synthesis coupled proton transport	{'GO:0000006': 0}	1.0
GO:0015990	P:electron transport coupled proton transport	{'GO:0000006': 0}	1.0
GO:0016002	F:sulfite reductase activity	{'GO:0000006': 0}	1.0
GO:0016020	C:membrane	{'GO:0000006': 0}	1.0
GO:0016021	C:integral component of membrane	{'GO:0000006': 0}	1.0
GO:0016024	P:CDP-diacylglycerol biosynthetic process	{'GO:0000006': 0}	1.0
GO:0016032	P:viral process	{'GO:0000006': 0}	1.0
GO:0016034	F:maleylacetoacetate isomerase activity	{'GO:0000006': 0}	1.0
GO:0016036	P:cellular response to phosphate starvation	{'GO:0000006': 0}	1.0
GO:0016042	P:lipid catabolic process	{'GO:0000006': 0}	1.0
GO:0016052	P:carbohydrate catabolic process	{'GO:0000006': 0}	1.0
GO:0016075	P:rRNA catabolic process	{'GO:0000006': 0}	1.0
GO:0016094	P:polyprenol biosynthetic process	{'GO:0000006': 0}	1.0
GO:0016114	P:terpenoid biosynthetic process	{'GO:0000006': 0}	1.0
GO:0016149	F:translation release factor activity, codon specific	{'GO:0000006': 0}	1.0
GO:0016150	F:translation release factor activity, codon nonspecific	{'GO:0000006': 0}	1.0
GO:0016151	F:nickel cation binding	{'GO:0000006': 0}	1.0
GO:0016154	F:pyrimidine-nucleoside phosphorylase activity	{'GO:0000006': 0}	1.0
GO:0016158	F:3-phytase activity	{'GO:0000006': 0}	1.0
GO:0016208	F:AMP binding	{'GO:0000006': 0}	1.0
GO:0016209	F:antioxidant activity	{'GO:0000006': 0}	1.0
GO:0016212	F:kynurenine-oxoglutarate transaminase activity	{'GO:0000006': 0}	1.0
GO:0016226	P:iron-sulfur cluster assembly	{'GO:0000006': 0}	1.0
GO:0016234	C:inclusion body	{'GO:0000006': 0}	1.0
GO:0016259	P:selenocysteine metabolic process	{'GO:0000006': 0}	1.0
GO:0016260	P:selenocysteine biosynthetic process	{'GO:0000006': 0}	1.0
GO:0016279	F:protein-lysine N-methyltransferase activity	{'GO:0000006': 0}	1.0
GO:0016289	F:CoA hydrolase activity	{'GO:0000006': 0}	1.0
GO:0016290	F:palmitoyl-CoA hydrolase activity	{'GO:0000006': 0}	1.0
GO:0016295	F:myristoyl-[acyl-carrier-protein] hydrolase activity	{'GO:0000006': 0}	1.0
GO:0016296	F:palmitoyl-[acyl-carrier-protein] hydrolase activity	{'GO:0000006': 0}	1.0
GO:0016298	F:lipase activity	{'GO:0000006': 0}	1.0
GO:0016301	F:kinase activity	{'GO:0000006': 0}	1.0
GO:0016310	P:phosphorylation	{'GO:0000006': 0}	1.0
GO:0016311	P:dephosphorylation	{'GO:0000006': 0}	1.0
GO:0016405	F:CoA-ligase activity	{'GO:0000006': 0}	1.0
GO:0016407	F:acetyltransferase activity	{'GO:0000006': 0}	1.0
GO:0016410	F:N-acyltransferase activity	{'GO:0000006': 0}	1.0
GO:0016413	F:O-acetyltransferase activity	{'GO:0000006': 0}	1.0
GO:0016415	F:octanoyltransferase activity	{'GO:0000006': 0}	1.0
GO:0016416	F:O-palmitoyltransferase activity	{'GO:0000006': 0}	1.0
GO:0016426	F:tRNA (adenine) methyltransferase activity	{'GO:0000006': 0}	1.0
GO:0016430	F:tRNA (adenine-N6-)-methyltransferase activity	{'GO:0000006': 0}	1.0
GO:0016432	F:tRNA-uridine aminocarboxypropyltransferase activity	{'GO:0000006': 0}	1.0
GO:0016434	F:rRNA (cytosine) methyltransferase activity	{'GO:0000006': 0}	1.0
GO:0016436	F:rRNA (uridine) methyltransferase activity	{'GO:0000006': 0}	1.0
GO:0016437	F:tRNA cytidylyltransferase activity	{'GO:0000006': 0}	1.0
GO:0016458	P:gene silencing	{'GO:0000006': 0}	1.0
GO:0016462	F:pyrophosphatase activity	{'GO:0000006': 0}	1.0
GO:0016463	F:zinc transmembrane transporter activity, phosphorylative mechanism	{'GO:0000006': 0}	1.0
GO:0016485	P:protein processing	{'GO:0000006': 0}	1.0
GO:0016491	F:oxidoreductase activity	{'GO:0000006': 0}	1.0
GO:0016509	F:long-chain-3-hydroxyacyl-CoA dehydrogenase activity	{'GO:0000006': 0}	1.0
GO:0016530	F:metallochaperone activity	{'GO:0000006': 0}	1.0
GO:0016531	F:copper chaperone activity	{'GO:0000006': 0}	1.0
GO:0016540	P:protein autoprocessing	{'GO:0000006': 0}	1.0
GO:0016579	P:protein deubiquitination	{'GO:0000006': 0}	1.0
GO:0016594	F:glycine binding	{'GO:0000006': 0}	1.0
GO:0016595	F:glutamate binding	{'GO:0000006': 0}	1.0
GO:0016597	F:amino acid binding	{'GO:0000006': 0}	1.0
GO:0016615	F:malate dehydrogenase activity	{'GO:0000006': 0}	1.0
GO:0016616	F:oxidoreductase activity, acting on the CH-OH group of donors, NAD or NADP as acceptor	{'GO:0000006': 0}	1.0
GO:0016618	F:hydroxypyruvate reductase activity	{'GO:0000006': 0}	1.0
GO:0016620	F:oxidoreductase activity, acting on the aldehyde or oxo group of donors, NAD or NADP as acceptor	{'GO:0000006': 0}	1.0
GO:0016625	F:oxidoreductase activity, acting on the aldehyde or oxo group of donors, iron-sulfur protein as acceptor	{'GO:0000006': 0}	1.0
GO:0016627	F:oxidoreductase activity, acting on the CH-CH group of donors	{'GO:0000006': 0}	1.0
GO:0016628	F:oxidoreductase activity, acting on the CH-CH group of donors, NAD or NADP as acceptor	{'GO:0000006': 0}	1.0
GO:0016631	F:enoyl-[acyl-carrier-protein] reductase activity	{'GO:0000006': 0}	1.0
GO:0016639	F:oxidoreductase activity, acting on the CH-NH2 group of donors, NAD or NADP as acceptor	{'GO:0000006': 0}	1.0
GO:0016645	F:oxidoreductase activity, acting on the CH-NH group of donors	{'GO:0000006': 0}	1.0
GO:0016646	F:oxidoreductase activity, acting on the CH-NH group of donors, NAD or NADP as acceptor	{'GO:0000006': 0}	1.0
GO:0016651	F:oxidoreductase activity, acting on NAD(P)H	{'GO:0000006': 0}	1.0
GO:0016652	F:oxidoreductase activity, acting on NAD(P)H, NAD(P) as acceptor	{'GO:0000006': 0}	1.0
GO:0016655	F:oxidoreductase activity, acting on NAD(P)H, quinone or similar compound as acceptor	{'GO:0000006': 0}	1.0
GO:0016657	F:oxidoreductase activity, acting on NAD(P)H, nitrogenous group as acceptor	{'GO:0000006': 0}	1.0
GO:0016661	F:oxidoreductase activity, acting on other nitrogenous compounds as donors	{'GO:0000006': 0}	1.0
GO:0016668	F:oxidoreductase activity, acting on a sulfur group of donors, NAD(P) as acceptor	{'GO:0000006': 0}	1.0
GO:0016671	F:oxidoreductase activity, acting on a sulfur group of donors, disulfide as acceptor	{'GO:0000006': 0}	1.0
GO:0016672	F:oxidoreductase activity, acting on a sulfur group of donors, quinone or similar compound as acceptor	{'GO:0000006': 0}	1.0
GO:0016675	F:oxidoreductase activity, acting on a heme group of donors	{'GO:0000006': 0}	1.0
GO:0016679	F:oxidoreductase activity, acting on diphenols and related substances as donors	{'GO:0000006': 0}	1.0
GO:0016682	F:oxidoreductase activity, acting on diphenols and related substances as donors, oxygen as acceptor	{'GO:0000006': 0}	1.0
GO:0016684	F:oxidoreductase activity, acting on peroxide as acceptor	{'GO:0000006': 0}	1.0
GO:0016705	F:oxidoreductase activity, acting on paired donors, with incorporation or reduction of molecular oxygen	{'GO:0000006': 0}	1.0
GO:0016706	F:2-oxoglutarate-dependent dioxygenase activity	{'GO:0000006': 0}	1.0
GO:0016709	F:oxidoreductase activity, acting on paired donors, with incorporation or reduction of molecular oxygen, NAD(P)H as one donor, and incorporation of one atom of oxygen	{'GO:0000006': 0}	1.0
GO:0016722	F:oxidoreductase activity, oxidizing metal ions	{'GO:0000006': 0}	1.0
GO:0016724	F:oxidoreductase activity, oxidizing metal ions, oxygen as acceptor	{'GO:0000006': 0}	1.0
GO:0016726	F:oxidoreductase activity, acting on CH or CH2 groups, NAD or NADP as acceptor	{'GO:0000006': 0}	1.0
GO:0016731	F:oxidoreductase activity, acting on iron-sulfur proteins as donors, NAD or NADP as acceptor	{'GO:0000006': 0}	1.0
GO:0016740	F:transferase activity	{'GO:0000006': 0}	1.0
GO:0016741	F:transferase activity, transferring one-carbon groups	{'GO:0000006': 0}	1.0
GO:0016742	F:hydroxymethyl-, formyl- and related transferase activity	{'GO:0000006': 0}	1.0
GO:0016743	F:carboxyl- or carbamoyltransferase activity	{'GO:0000006': 0}	1.0
GO:0016744	F:transferase activity, transferring aldehyde or ketonic groups	{'GO:0000006': 0}	1.0
GO:0016746	F:transferase activity, transferring acyl groups	{'GO:0000006': 0}	1.0
GO:0016747	F:transferase activity, transferring acyl groups other than amino-acyl groups	{'GO:0000006': 0}	1.0
GO:0016748	F:succinyltransferase activity	{'GO:0000006': 0}	1.0
GO:0016755	F:transferase activity, transferring amino-acyl groups	{'GO:0000006': 0}	1.0
GO:0016757	F:transferase activity, transferring glycosyl groups	{'GO:0000006': 0}	1.0
GO:0016758	F:transferase activity, transferring hexosyl groups	{'GO:0000006': 0}	1.0
GO:0016760	F:cellulose synthase (UDP-forming) activity	{'GO:0000006': 0}	1.0
GO:0016763	F:transferase activity, transferring pentosyl groups	{'GO:0000006': 0}	1.0
GO:0016765	F:transferase activity, transferring alkyl or aryl (other than methyl) groups	{'GO:0000006': 0}	1.0
GO:0016768	F:spermine synthase activity	{'GO:0000006': 0}	1.0
GO:0016772	F:transferase activity, transferring phosphorus-containing groups	{'GO:0000006': 0}	1.0
GO:0016773	F:phosphotransferase activity, alcohol group as acceptor	{'GO:0000006': 0}	1.0
GO:0016774	F:phosphotransferase activity, carboxyl group as acceptor	{'GO:0000006': 0}	1.0
GO:0016776	F:phosphotransferase activity, phosphate group as acceptor	{'GO:0000006': 0}	1.0
GO:0016778	F:diphosphotransferase activity	{'GO:0000006': 0}	1.0
GO:0016779	F:nucleotidyltransferase activity	{'GO:0000006': 0}	1.0
GO:0016780	F:phosphotransferase activity, for other substituted phosphate groups	{'GO:0000006': 0}	1.0
GO:0016783	F:sulfurtransferase activity	{'GO:0000006': 0}	1.0
GO:0016784	F:3-mercaptopyruvate sulfurtransferase activity	{'GO:0000006': 0}	1.0
GO:0016787	F:hydrolase activity	{'GO:0000006': 0}	1.0
GO:0016788	F:hydrolase activity, acting on ester bonds	{'GO:0000006': 0}	1.0
GO:0016790	F:thiolester hydrolase activity	{'GO:0000006': 0}	1.0
GO:0016791	F:phosphatase activity	{'GO:0000006': 0}	1.0
GO:0016795	F:phosphoric triester hydrolase activity	{'GO:0000006': 0}	1.0
GO:0016798	F:hydrolase activity, acting on glycosyl bonds	{'GO:0000006': 0}	1.0
GO:0016799	F:hydrolase activity, hydrolyzing N-glycosyl compounds	{'GO:0000006': 0}	1.0
GO:0016803	F:ether hydrolase activity	{'GO:0000006': 0}	1.0
GO:0016805	F:dipeptidase activity	{'GO:0000006': 0}	1.0
GO:0016807	F:cysteine-type carboxypeptidase activity	{'GO:0000006': 0}	1.0
GO:0016810	F:hydrolase activity, acting on carbon-nitrogen (but not peptide) bonds	{'GO:0000006': 0}	1.0
GO:0016811	F:hydrolase activity, acting on carbon-nitrogen (but not peptide) bonds, in linear amides	{'GO:0000006': 0}	1.0
GO:0016812	F:hydrolase activity, acting on carbon-nitrogen (but not peptide) bonds, in cyclic amides	{'GO:0000006': 0}	1.0
GO:0016814	F:hydrolase activity, acting on carbon-nitrogen (but not peptide) bonds, in cyclic amidines	{'GO:0000006': 0}	1.0
GO:0016817	F:hydrolase activity, acting on acid anhydrides	{'GO:0000006': 0}	1.0
GO:0016818	F:hydrolase activity, acting on acid anhydrides, in phosphorus-containing anhydrides	{'GO:0000006': 0}	1.0
GO:0016823	F:hydrolase activity, acting on acid carbon-carbon bonds, in ketonic substances	{'GO:0000006': 0}	1.0
GO:0016829	F:lyase activity	{'GO:0000006': 0}	1.0
GO:0016830	F:carbon-carbon lyase activity	{'GO:0000006': 0}	1.0
GO:0016831	F:carboxy-lyase activity	{'GO:0000006': 0}	1.0
GO:0016832	F:aldehyde-lyase activity	{'GO:0000006': 0}	1.0
GO:0016833	F:oxo-acid-lyase activity	{'GO:0000006': 0}	1.0
GO:0016835	F:carbon-oxygen lyase activity	{'GO:0000006': 0}	1.0
GO:0016836	F:hydro-lyase activity	{'GO:0000006': 0}	1.0
GO:0016837	F:carbon-oxygen lyase activity, acting on polysaccharides	{'GO:0000006': 0}	1.0
GO:0016840	F:carbon-nitrogen lyase activity	{'GO:0000006': 0}	1.0
GO:0016846	F:carbon-sulfur lyase activity	{'GO:0000006': 0}	1.0
GO:0016853	F:isomerase activity	{'GO:0000006': 0}	1.0
GO:0016855	F:racemase and epimerase activity, acting on amino acids and derivatives	{'GO:0000006': 0}	1.0
GO:0016857	F:racemase and epimerase activity, acting on carbohydrates and derivatives	{'GO:0000006': 0}	1.0
GO:0016861	F:intramolecular oxidoreductase activity, interconverting aldoses and ketoses	{'GO:0000006': 0}	1.0
GO:0016862	F:intramolecular oxidoreductase activity, interconverting keto- and enol-groups	{'GO:0000006': 0}	1.0
GO:0016866	F:intramolecular transferase activity	{'GO:0000006': 0}	1.0
GO:0016869	F:intramolecular transferase activity, transferring amino groups	{'GO:0000006': 0}	1.0
GO:0016872	F:intramolecular lyase activity	{'GO:0000006': 0}	1.0
GO:0016874	F:ligase activity	{'GO:0000006': 0}	1.0
GO:0016878	F:acid-thiol ligase activity	{'GO:0000006': 0}	1.0
GO:0016879	F:ligase activity, forming carbon-nitrogen bonds	{'GO:0000006': 0}	1.0
GO:0016880	F:acid-ammonia (or amide) ligase activity	{'GO:0000006': 0}	1.0
GO:0016881	F:acid-amino acid ligase activity	{'GO:0000006': 0}	1.0
GO:0016887	F:ATPase activity	{'GO:0000006': 0}	1.0
GO:0016888	F:endodeoxyribonuclease activity, producing 5'-phosphomonoesters	{'GO:0000006': 0}	1.0
GO:0016891	F:endoribonuclease activity, producing 5'-phosphomonoesters	{'GO:0000006': 0}	1.0
GO:0016892	F:endoribonuclease activity, producing 3'-phosphomonoesters	{'GO:0000006': 0}	1.0
GO:0016896	F:exoribonuclease activity, producing 5'-phosphomonoesters	{'GO:0000006': 0}	1.0
GO:0016901	F:oxidoreductase activity, acting on the CH-OH group of donors, quinone or similar compound as acceptor	{'GO:0000006': 0}	1.0
GO:0016903	F:oxidoreductase activity, acting on the aldehyde or oxo group of donors	{'GO:0000006': 0}	1.0
GO:0016966	F:nitric oxide reductase activity	{'GO:0000006': 0}	1.0
GO:0016979	F:lipoate-protein ligase activity	{'GO:0000006': 0}	1.0
GO:0016987	F:sigma factor activity	{'GO:0000006': 0}	1.0
GO:0016989	F:sigma factor antagonist activity	{'GO:0000006': 0}	1.0
GO:0016992	F:lipoate synthase activity	{'GO:0000006': 0}	1.0
GO:0016998	P:cell wall macromolecule catabolic process	{'GO:0000006': 0}	1.0
GO:0017001	P:antibiotic catabolic process	{'GO:0000006': 0}	1.0
GO:0017004	P:cytochrome complex assembly	{'GO:0000006': 0}	1.0
GO:0017013	P:protein flavinylation	{'GO:0000006': 0}	1.0
GO:0017038	P:protein import	{'GO:0000006': 0}	1.0
GO:0017053	C:transcription repressor complex	{'GO:0000006': 0}	1.0
GO:0017057	F:6-phosphogluconolactonase activity	{'GO:0000006': 0}	1.0
GO:0017061	F:S-methyl-5-thioadenosine phosphorylase activity	{'GO:0000006': 0}	1.0
GO:0017089	F:glycolipid transfer activity	{'GO:0000006': 0}	1.0
GO:0017091	F:AU-rich element binding	{'GO:0000006': 0}	1.0
GO:0017108	F:5'-flap endonuclease activity	{'GO:0000006': 0}	1.0
GO:0017110	F:nucleoside-diphosphatase activity	{'GO:0000006': 0}	1.0
GO:0017111	F:nucleoside-triphosphatase activity	{'GO:0000006': 0}	1.0
GO:0017113	F:dihydropyrimidine dehydrogenase (NADP+) activity	{'GO:0000006': 0}	1.0
GO:0017116	F:single-stranded DNA helicase activity	{'GO:0000006': 0}	1.0
GO:0017117	C:single-stranded DNA-dependent ATP-dependent DNA helicase complex	{'GO:0000006': 0}	1.0
GO:0017118	F:lipoyltransferase activity	{'GO:0000006': 0}	1.0
GO:0017148	P:negative regulation of translation	{'GO:0000006': 0}	1.0
GO:0017150	F:tRNA dihydrouridine synthase activity	{'GO:0000006': 0}	1.0
GO:0017151	F:DEAD/H-box RNA helicase binding	{'GO:0000006': 0}	1.0
GO:0017168	F:5-oxoprolinase (ATP-hydrolyzing) activity	{'GO:0000006': 0}	1.0
GO:0017189	P:N-terminal peptidyl-alanine acetylation	{'GO:0000006': 0}	1.0
GO:0017198	P:N-terminal peptidyl-serine acetylation	{'GO:0000006': 0}	1.0
GO:0018012	P:N-terminal peptidyl-alanine trimethylation	{'GO:0000006': 0}	1.0
GO:0018023	P:peptidyl-lysine trimethylation	{'GO:0000006': 0}	1.0
GO:0018063	P:cytochrome c-heme linkage	{'GO:0000006': 0}	1.0
GO:0018070	P:peptidyl-serine phosphopantetheinylation	{'GO:0000006': 0}	1.0
GO:0018104	P:peptidoglycan-protein cross-linking	{'GO:0000006': 0}	1.0
GO:0018105	P:peptidyl-serine phosphorylation	{'GO:0000006': 0}	1.0
GO:0018106	P:peptidyl-histidine phosphorylation	{'GO:0000006': 0}	1.0
GO:0018117	P:protein adenylylation	{'GO:0000006': 0}	1.0
GO:0018119	P:peptidyl-cysteine S-nitrosylation	{'GO:0000006': 0}	1.0
GO:0018125	P:peptidyl-cysteine methylation	{'GO:0000006': 0}	1.0
GO:0018131	P:oxazole or thiazole biosynthetic process	{'GO:0000006': 0}	1.0
GO:0018142	P:protein-DNA covalent cross-linking	{'GO:0000006': 0}	1.0
GO:0018160	P:peptidyl-pyrromethane cofactor linkage	{'GO:0000006': 0}	1.0
GO:0018169	F:ribosomal S6-glutamic acid ligase activity	{'GO:0000006': 0}	1.0
GO:0018247	P:protein-phosphoribosyl dephospho-coenzyme A linkage	{'GO:0000006': 0}	1.0
GO:0018277	P:protein deamination	{'GO:0000006': 0}	1.0
GO:0018283	P:iron incorporation into metallo-sulfur cluster	{'GO:0000006': 0}	1.0
GO:0018298	P:protein-chromophore linkage	{'GO:0000006': 0}	1.0
GO:0018307	P:enzyme active site formation	{'GO:0000006': 0}	1.0
GO:0018315	P:molybdenum incorporation into molybdenum-molybdopterin complex	{'GO:0000006': 0}	1.0
GO:0018339	P:peptidyl-L-beta-methylthioaspartic acid biosynthetic process from peptidyl-aspartic acid	{'GO:0000006': 0}	1.0
GO:0018345	P:protein palmitoylation	{'GO:0000006': 0}	1.0
GO:0018364	P:peptidyl-glutamine methylation	{'GO:0000006': 0}	1.0
GO:0018378	P:cytochrome c-heme linkage via heme-L-cysteine	{'GO:0000006': 0}	1.0
GO:0018393	P:internal peptidyl-lysine acetylation	{'GO:0000006': 0}	1.0
GO:0018394	P:peptidyl-lysine acetylation	{'GO:0000006': 0}	1.0
GO:0018410	P:C-terminal protein amino acid modification	{'GO:0000006': 0}	1.0
GO:0018455	F:alcohol dehydrogenase [NAD(P)+] activity	{'GO:0000006': 0}	1.0
GO:0018498	F:2,3-dihydroxy-2,3-dihydro-phenylpropionate dehydrogenase activity	{'GO:0000006': 0}	1.0
GO:0018545	F:NAD(P)H nitroreductase activity	{'GO:0000006': 0}	1.0
GO:0018738	F:S-formylglutathione hydrolase activity	{'GO:0000006': 0}	1.0
GO:0018741	F:alkyl sulfatase activity	{'GO:0000006': 0}	1.0
GO:0018756	F:ammeline aminohydrolase activity	{'GO:0000006': 0}	1.0
GO:0018771	F:2-hydroxy-6-oxonona-2,4-dienedioate hydrolase activity	{'GO:0000006': 0}	1.0
GO:0018773	F:acetylpyruvate hydrolase activity	{'GO:0000006': 0}	1.0
GO:0018909	P:dodecyl sulfate metabolic process	{'GO:0000006': 0}	1.0
GO:0018937	P:nitroglycerin metabolic process	{'GO:0000006': 0}	1.0
GO:0019003	F:GDP binding	{'GO:0000006': 0}	1.0
GO:0019008	C:molybdopterin synthase complex	{'GO:0000006': 0}	1.0
GO:0019068	P:virion assembly	{'GO:0000006': 0}	1.0
GO:0019076	P:viral release from host cell	{'GO:0000006': 0}	1.0
GO:0019104	F:DNA N-glycosylase activity	{'GO:0000006': 0}	1.0
GO:0019107	F:myristoyltransferase activity	{'GO:0000006': 0}	1.0
GO:0019134	F:glucosamine-1-phosphate N-acetyltransferase activity	{'GO:0000006': 0}	1.0
GO:0019143	F:3-deoxy-manno-octulosonate-8-phosphatase activity	{'GO:0000006': 0}	1.0
GO:0019144	F:ADP-sugar diphosphatase activity	{'GO:0000006': 0}	1.0
GO:0019145	F:aminobutyraldehyde dehydrogenase activity	{'GO:0000006': 0}	1.0
GO:0019146	F:arabinose-5-phosphate isomerase activity	{'GO:0000006': 0}	1.0
GO:0019147	F:(R)-aminopropanol dehydrogenase activity	{'GO:0000006': 0}	1.0
GO:0019148	F:D-cysteine desulfhydrase activity	{'GO:0000006': 0}	1.0
GO:0019149	F:3-chloro-D-alanine dehydrochlorinase activity	{'GO:0000006': 0}	1.0
GO:0019154	F:glycolate dehydrogenase activity	{'GO:0000006': 0}	1.0
GO:0019158	F:mannokinase activity	{'GO:0000006': 0}	1.0
GO:0019159	F:nicotinamide-nucleotide amidase activity	{'GO:0000006': 0}	1.0
GO:0019161	F:diamine transaminase activity	{'GO:0000006': 0}	1.0
GO:0019165	F:thiamine kinase activity	{'GO:0000006': 0}	1.0
GO:0019168	F:2-octaprenylphenol hydroxylase activity	{'GO:0000006': 0}	1.0
GO:0019170	F:methylglyoxal reductase (NADH-dependent) activity	{'GO:0000006': 0}	1.0
GO:0019172	F:glyoxalase III activity	{'GO:0000006': 0}	1.0
GO:0019177	F:dihydroneopterin triphosphate pyrophosphohydrolase activity	{'GO:0000006': 0}	1.0
GO:0019180	F:dTDP-4-amino-4,6-dideoxygalactose transaminase activity	{'GO:0000006': 0}	1.0
GO:0019197	C:phosphoenolpyruvate-dependent sugar phosphotransferase complex	{'GO:0000006': 0}	1.0
GO:0019200	F:carbohydrate kinase activity	{'GO:0000006': 0}	1.0
GO:0019213	F:deacetylase activity	{'GO:0000006': 0}	1.0
GO:0019217	P:regulation of fatty acid metabolic process	{'GO:0000006': 0}	1.0
GO:0019239	F:deaminase activity	{'GO:0000006': 0}	1.0
GO:0019240	P:citrulline biosynthetic process	{'GO:0000006': 0}	1.0
GO:0019242	P:methylglyoxal biosynthetic process	{'GO:0000006': 0}	1.0
GO:0019243	P:methylglyoxal catabolic process to D-lactate via S-lactoyl-glutathione	{'GO:0000006': 0}	1.0
GO:0019250	P:aerobic cobalamin biosynthetic process	{'GO:0000006': 0}	1.0
GO:0019262	P:N-acetylneuraminate catabolic process	{'GO:0000006': 0}	1.0
GO:0019264	P:glycine biosynthetic process from serine	{'GO:0000006': 0}	1.0
GO:0019272	P:L-alanine biosynthetic process from pyruvate	{'GO:0000006': 0}	1.0
GO:0019277	P:UDP-N-acetylgalactosamine biosynthetic process	{'GO:0000006': 0}	1.0
GO:0019281	P:L-methionine biosynthetic process from homoserine via O-succinyl-L-homoserine and cystathionine	{'GO:0000006': 0}	1.0
GO:0019284	P:L-methionine salvage from S-adenosylmethionine	{'GO:0000006': 0}	1.0
GO:0019285	P:glycine betaine biosynthetic process from choline	{'GO:0000006': 0}	1.0
GO:0019288	P:isopentenyl diphosphate biosynthetic process, methylerythritol 4-phosphate pathway	{'GO:0000006': 0}	1.0
GO:0019290	P:siderophore biosynthetic process	{'GO:0000006': 0}	1.0
GO:0019292	P:tyrosine biosynthetic process from chorismate via 4-hydroxyphenylpyruvate	{'GO:0000006': 0}	1.0
GO:0019294	P:keto-3-deoxy-D-manno-octulosonic acid biosynthetic process	{'GO:0000006': 0}	1.0
GO:0019299	P:rhamnose metabolic process	{'GO:0000006': 0}	1.0
GO:0019301	P:rhamnose catabolic process	{'GO:0000006': 0}	1.0
GO:0019303	P:D-ribose catabolic process	{'GO:0000006': 0}	1.0
GO:0019305	P:dTDP-rhamnose biosynthetic process	{'GO:0000006': 0}	1.0
GO:0019309	P:mannose catabolic process	{'GO:0000006': 0}	1.0
GO:0019316	P:D-allose catabolic process	{'GO:0000006': 0}	1.0
GO:0019323	P:pentose catabolic process	{'GO:0000006': 0}	1.0
GO:0019324	P:L-lyxose metabolic process	{'GO:0000006': 0}	1.0
GO:0019333	P:denitrification pathway	{'GO:0000006': 0}	1.0
GO:0019343	P:cysteine biosynthetic process via cystathionine	{'GO:0000006': 0}	1.0
GO:0019344	P:cysteine biosynthetic process	{'GO:0000006': 0}	1.0
GO:0019346	P:transsulfuration	{'GO:0000006': 0}	1.0
GO:0019353	P:protoporphyrinogen IX biosynthetic process from glutamate	{'GO:0000006': 0}	1.0
GO:0019354	P:siroheme biosynthetic process	{'GO:0000006': 0}	1.0
GO:0019363	P:pyridine nucleotide biosynthetic process	{'GO:0000006': 0}	1.0
GO:0019365	P:pyridine nucleotide salvage	{'GO:0000006': 0}	1.0
GO:0019379	P:sulfate assimilation, phosphoadenylyl sulfate reduction by phosphoadenylyl-sulfate reductase (thioredoxin)	{'GO:0000006': 0}	1.0
GO:0019380	P:3-phenylpropionate catabolic process	{'GO:0000006': 0}	1.0
GO:0019391	P:glucuronoside catabolic process	{'GO:0000006': 0}	1.0
GO:0019394	P:glucarate catabolic process	{'GO:0000006': 0}	1.0
GO:0019395	P:fatty acid oxidation	{'GO:0000006': 0}	1.0
GO:0019402	P:galactitol metabolic process	{'GO:0000006': 0}	1.0
GO:0019404	P:galactitol catabolic process	{'GO:0000006': 0}	1.0
GO:0019413	P:acetate biosynthetic process	{'GO:0000006': 0}	1.0
GO:0019419	P:sulfate reduction	{'GO:0000006': 0}	1.0
GO:0019427	P:acetyl-CoA biosynthetic process from acetate	{'GO:0000006': 0}	1.0
GO:0019430	P:removal of superoxide radicals	{'GO:0000006': 0}	1.0
GO:0019432	P:triglyceride biosynthetic process	{'GO:0000006': 0}	1.0
GO:0019439	P:aromatic compound catabolic process	{'GO:0000006': 0}	1.0
GO:0019447	P:D-cysteine catabolic process	{'GO:0000006': 0}	1.0
GO:0019450	P:L-cysteine catabolic process to pyruvate	{'GO:0000006': 0}	1.0
GO:0019464	P:glycine decarboxylation via glycine cleavage system	{'GO:0000006': 0}	1.0
GO:0019477	P:L-lysine catabolic process	{'GO:0000006': 0}	1.0
GO:0019478	P:D-amino acid catabolic process	{'GO:0000006': 0}	1.0
GO:0019480	P:L-alanine oxidation to pyruvate via D-alanine	{'GO:0000006': 0}	1.0
GO:0019509	P:L-methionine salvage from methylthioadenosine	{'GO:0000006': 0}	1.0
GO:0019516	P:lactate oxidation	{'GO:0000006': 0}	1.0
GO:0019518	P:L-threonine catabolic process to glycine	{'GO:0000006': 0}	1.0
GO:0019521	P:D-gluconate metabolic process	{'GO:0000006': 0}	1.0
GO:0019534	F:toxin transmembrane transporter activity	{'GO:0000006': 0}	1.0
GO:0019542	P:propionate biosynthetic process	{'GO:0000006': 0}	1.0
GO:0019544	P:arginine catabolic process to glutamate	{'GO:0000006': 0}	1.0
GO:0019545	P:arginine catabolic process to succinate	{'GO:0000006': 0}	1.0
GO:0019546	P:arginine deiminase pathway	{'GO:0000006': 0}	1.0
GO:0019563	P:glycerol catabolic process	{'GO:0000006': 0}	1.0
GO:0019568	P:arabinose catabolic process	{'GO:0000006': 0}	1.0
GO:0019569	P:L-arabinose catabolic process to xylulose 5-phosphate	{'GO:0000006': 0}	1.0
GO:0019571	P:D-arabinose catabolic process	{'GO:0000006': 0}	1.0
GO:0019572	P:L-arabinose catabolic process	{'GO:0000006': 0}	1.0
GO:0019584	P:galactonate catabolic process	{'GO:0000006': 0}	1.0
GO:0019588	P:anaerobic glycerol catabolic process	{'GO:0000006': 0}	1.0
GO:0019592	P:mannitol catabolic process	{'GO:0000006': 0}	1.0
GO:0019594	P:mannitol metabolic process	{'GO:0000006': 0}	1.0
GO:0019607	P:phenylethylamine catabolic process	{'GO:0000006': 0}	1.0
GO:0019619	P:3,4-dihydroxybenzoate catabolic process	{'GO:0000006': 0}	1.0
GO:0019622	P:3-(3-hydroxy)phenylpropionate catabolic process	{'GO:0000006': 0}	1.0
GO:0019629	P:propionate catabolic process, 2-methylcitrate cycle	{'GO:0000006': 0}	1.0
GO:0019632	P:shikimate metabolic process	{'GO:0000006': 0}	1.0
GO:0019634	P:organic phosphonate metabolic process	{'GO:0000006': 0}	1.0
GO:0019645	P:anaerobic electron transport chain	{'GO:0000006': 0}	1.0
GO:0019646	P:aerobic electron transport chain	{'GO:0000006': 0}	1.0
GO:0019664	P:mixed acid fermentation	{'GO:0000006': 0}	1.0
GO:0019665	P:anaerobic amino acid catabolic process	{'GO:0000006': 0}	1.0
GO:0019673	P:GDP-mannose metabolic process	{'GO:0000006': 0}	1.0
GO:0019674	P:NAD metabolic process	{'GO:0000006': 0}	1.0
GO:0019676	P:ammonia assimilation cycle	{'GO:0000006': 0}	1.0
GO:0019677	P:NAD catabolic process	{'GO:0000006': 0}	1.0
GO:0019679	P:propionate metabolic process, methylcitrate cycle	{'GO:0000006': 0}	1.0
GO:0019686	P:purine nucleoside interconversion	{'GO:0000006': 0}	1.0
GO:0019693	P:ribose phosphate metabolic process	{'GO:0000006': 0}	1.0
GO:0019698	P:D-galacturonate catabolic process	{'GO:0000006': 0}	1.0
GO:0019700	P:organic phosphonate catabolic process	{'GO:0000006': 0}	1.0
GO:0019740	P:nitrogen utilization	{'GO:0000006': 0}	1.0
GO:0019752	P:carboxylic acid metabolic process	{'GO:0000006': 0}	1.0
GO:0019808	F:polyamine binding	{'GO:0000006': 0}	1.0
GO:0019809	F:spermidine binding	{'GO:0000006': 0}	1.0
GO:0019810	F:putrescine binding	{'GO:0000006': 0}	1.0
GO:0019825	F:oxygen binding	{'GO:0000006': 0}	1.0
GO:0019826	F:oxygen sensor activity	{'GO:0000006': 0}	1.0
GO:0019829	F:ATPase-coupled cation transmembrane transporter activity	{'GO:0000006': 0}	1.0
GO:0019835	P:cytolysis	{'GO:0000006': 0}	1.0
GO:0019843	F:rRNA binding	{'GO:0000006': 0}	1.0
GO:0019852	P:L-ascorbic acid metabolic process	{'GO:0000006': 0}	1.0
GO:0019853	P:L-ascorbic acid biosynthetic process	{'GO:0000006': 0}	1.0
GO:0019854	P:L-ascorbic acid catabolic process	{'GO:0000006': 0}	1.0
GO:0019856	P:pyrimidine nucleobase biosynthetic process	{'GO:0000006': 0}	1.0
GO:0019858	P:cytosine metabolic process	{'GO:0000006': 0}	1.0
GO:0019859	P:thymine metabolic process	{'GO:0000006': 0}	1.0
GO:0019866	C:organelle inner membrane	{'GO:0000006': 0}	1.0
GO:0019867	C:outer membrane	{'GO:0000006': 0}	1.0
GO:0019877	P:diaminopimelate biosynthetic process	{'GO:0000006': 0}	1.0
GO:0019878	P:lysine biosynthetic process via aminoadipic acid	{'GO:0000006': 0}	1.0
GO:0019897	C:extrinsic component of plasma membrane	{'GO:0000006': 0}	1.0
GO:0019898	C:extrinsic component of membrane	{'GO:0000006': 0}	1.0
GO:0019899	F:enzyme binding	{'GO:0000006': 0}	1.0
GO:0019901	F:protein kinase binding	{'GO:0000006': 0}	1.0
GO:0019904	F:protein domain specific binding	{'GO:0000006': 0}	1.0
GO:0019985	P:translesion synthesis	{'GO:0000006': 0}	1.0
GO:0019988	P:charged-tRNA amino acid modification	{'GO:0000006': 0}	1.0
GO:0019992	F:diacylglycerol binding	{'GO:0000006': 0}	1.0
GO:0020002	C:host cell plasma membrane	{'GO:0000006': 0}	1.0
GO:0020037	F:heme binding	{'GO:0000006': 0}	1.0
GO:0022417	P:protein maturation by protein folding	{'GO:0000006': 0}	1.0
GO:0022610	P:biological adhesion	{'GO:0000006': 0}	1.0
GO:0022611	P:dormancy process	{'GO:0000006': 0}	1.0
GO:0022625	C:cytosolic large ribosomal subunit	{'GO:0000006': 0}	1.0
GO:0022627	C:cytosolic small ribosomal subunit	{'GO:0000006': 0}	1.0
GO:0022804	F:active transmembrane transporter activity	{'GO:0000006': 0}	1.0
GO:0022834	F:ligand-gated channel activity	{'GO:0000006': 0}	1.0
GO:0022857	F:transmembrane transporter activity	{'GO:0000006': 0}	1.0
GO:0022870	F:protein-N(PI)-phosphohistidine-mannose phosphotransferase system transporter activity	{'GO:0000006': 0}	1.0
GO:0022872	F:protein-N(PI)-phosphohistidine-mannitol phosphotransferase system transmembrane transporter activity	{'GO:0000006': 0}	1.0
GO:0022877	F:protein-N(PI)-phosphohistidine-fructose phosphotransferase system transporter activity	{'GO:0000006': 0}	1.0
GO:0022883	F:zinc efflux transmembrane transporter activity	{'GO:0000006': 0}	1.0
GO:0022900	P:electron transport chain	{'GO:0000006': 0}	1.0
GO:0022904	P:respiratory electron transport chain	{'GO:0000006': 0}	1.0
GO:0023014	P:signal transduction by protein phosphorylation	{'GO:0000006': 0}	1.0
GO:0030001	P:metal ion transport	{'GO:0000006': 0}	1.0
GO:0030007	P:cellular potassium ion homeostasis	{'GO:0000006': 0}	1.0
GO:0030026	P:cellular manganese ion homeostasis	{'GO:0000006': 0}	1.0
GO:0030060	F:L-malate dehydrogenase activity	{'GO:0000006': 0}	1.0
GO:0030091	P:protein repair	{'GO:0000006': 0}	1.0
GO:0030145	F:manganese ion binding	{'GO:0000006': 0}	1.0
GO:0030151	F:molybdenum ion binding	{'GO:0000006': 0}	1.0
GO:0030153	P:bacteriocin immunity	{'GO:0000006': 0}	1.0
GO:0030162	P:regulation of proteolysis	{'GO:0000006': 0}	1.0
GO:0030163	P:protein catabolic process	{'GO:0000006': 0}	1.0
GO:0030164	P:protein denaturation	{'GO:0000006': 0}	1.0
GO:0030170	F:pyridoxal phosphate binding	{'GO:0000006': 0}	1.0
GO:0030234	F:enzyme regulator activity	{'GO:0000006': 0}	1.0
GO:0030244	P:cellulose biosynthetic process	{'GO:0000006': 0}	1.0
GO:0030245	P:cellulose catabolic process	{'GO:0000006': 0}	1.0
GO:0030246	F:carbohydrate binding	{'GO:0000006': 0}	1.0
GO:0030254	P:protein secretion by the type III secretion system	{'GO:0000006': 0}	1.0
GO:0030257	C:type III protein secretion system complex	{'GO:0000006': 0}	1.0
GO:0030258	P:lipid modification	{'GO:0000006': 0}	1.0
GO:0030259	P:lipid glycosylation	{'GO:0000006': 0}	1.0
GO:0030261	P:chromosome condensation	{'GO:0000006': 0}	1.0
GO:0030266	F:quinate 3-dehydrogenase (NAD+) activity	{'GO:0000006': 0}	1.0
GO:0030267	F:glyoxylate reductase (NADP) activity	{'GO:0000006': 0}	1.0
GO:0030272	F:5-formyltetrahydrofolate cyclo-ligase activity	{'GO:0000006': 0}	1.0
GO:0030288	C:outer membrane-bounded periplasmic space	{'GO:0000006': 0}	1.0
GO:0030295	F:protein kinase activator activity	{'GO:0000006': 0}	1.0
GO:0030307	P:positive regulation of cell growth	{'GO:0000006': 0}	1.0
GO:0030308	P:negative regulation of cell growth	{'GO:0000006': 0}	1.0
GO:0030313	C:cell envelope	{'GO:0000006': 0}	1.0
GO:0030337	F:DNA polymerase processivity factor activity	{'GO:0000006': 0}	1.0
GO:0030366	F:molybdopterin synthase activity	{'GO:0000006': 0}	1.0
GO:0030371	F:translation repressor activity	{'GO:0000006': 0}	1.0
GO:0030388	P:fructose 1,6-bisphosphate metabolic process	{'GO:0000006': 0}	1.0
GO:0030395	F:lactose binding	{'GO:0000006': 0}	1.0
GO:0030420	P:establishment of competence for transformation	{'GO:0000006': 0}	1.0
GO:0030428	C:cell septum	{'GO:0000006': 0}	1.0
GO:0030488	P:tRNA methylation	{'GO:0000006': 0}	1.0
GO:0030490	P:maturation of SSU-rRNA	{'GO:0000006': 0}	1.0
GO:0030497	P:fatty acid elongation	{'GO:0000006': 0}	1.0
GO:0030541	P:plasmid partitioning	{'GO:0000006': 0}	1.0
GO:0030552	F:cAMP binding	{'GO:0000006': 0}	1.0
GO:0030573	P:bile acid catabolic process	{'GO:0000006': 0}	1.0
GO:0030599	F:pectinesterase activity	{'GO:0000006': 0}	1.0
GO:0030604	F:1-deoxy-D-xylulose-5-phosphate reductoisomerase activity	{'GO:0000006': 0}	1.0
GO:0030611	F:arsenate reductase activity	{'GO:0000006': 0}	1.0
GO:0030613	F:oxidoreductase activity, acting on phosphorus or arsenic in donors	{'GO:0000006': 0}	1.0
GO:0030632	P:D-alanine biosynthetic process	{'GO:0000006': 0}	1.0
GO:0030641	P:regulation of cellular pH	{'GO:0000006': 0}	1.0
GO:0030643	P:cellular phosphate ion homeostasis	{'GO:0000006': 0}	1.0
GO:0030674	F:protein-macromolecule adaptor activity	{'GO:0000006': 0}	1.0
GO:0030677	C:ribonuclease P complex	{'GO:0000006': 0}	1.0
GO:0030694	C:bacterial-type flagellum basal body, rod	{'GO:0000006': 0}	1.0
GO:0030697	F:S-adenosylmethionine-dependent tRNA (m5U54) methyltransferase activity	{'GO:0000006': 0}	1.0
GO:0030798	F:trans-aconitate 2-methyltransferase activity	{'GO:0000006': 0}	1.0
GO:0030880	C:RNA polymerase complex	{'GO:0000006': 0}	1.0
GO:0030894	C:replisome	{'GO:0000006': 0}	1.0
GO:0030955	F:potassium ion binding	{'GO:0000006': 0}	1.0
GO:0030961	P:peptidyl-arginine hydroxylation	{'GO:0000006': 0}	1.0
GO:0030964	C:NADH dehydrogenase complex	{'GO:0000006': 0}	1.0
GO:0030973	F:molybdate ion binding	{'GO:0000006': 0}	1.0
GO:0030975	F:thiamine binding	{'GO:0000006': 0}	1.0
GO:0030976	F:thiamine pyrophosphate binding	{'GO:0000006': 0}	1.0
GO:0030980	P:alpha-glucan catabolic process	{'GO:0000006': 0}	1.0
GO:0030983	F:mismatched DNA binding	{'GO:0000006': 0}	1.0
GO:0031004	C:potassium ion-transporting ATPase complex	{'GO:0000006': 0}	1.0
GO:0031071	F:cysteine desulfurase activity	{'GO:0000006': 0}	1.0
GO:0031072	F:heat shock protein binding	{'GO:0000006': 0}	1.0
GO:0031118	P:rRNA pseudouridine synthesis	{'GO:0000006': 0}	1.0
GO:0031119	P:tRNA pseudouridine synthesis	{'GO:0000006': 0}	1.0
GO:0031132	F:serine 3-dehydrogenase activity	{'GO:0000006': 0}	1.0
GO:0031162	P:sulfur incorporation into metallo-sulfur cluster	{'GO:0000006': 0}	1.0
GO:0031167	P:rRNA methylation	{'GO:0000006': 0}	1.0
GO:0031177	F:phosphopantetheine binding	{'GO:0000006': 0}	1.0
GO:0031220	F:maltodextrin phosphorylase activity	{'GO:0000006': 0}	1.0
GO:0031224	C:intrinsic component of membrane	{'GO:0000006': 0}	1.0
GO:0031225	C:anchored component of membrane	{'GO:0000006': 0}	1.0
GO:0031226	C:intrinsic component of plasma membrane	{'GO:0000006': 0}	1.0
GO:0031230	C:intrinsic component of cell outer membrane	{'GO:0000006': 0}	1.0
GO:0031234	C:extrinsic component of cytoplasmic side of plasma membrane	{'GO:0000006': 0}	1.0
GO:0031235	C:intrinsic component of the cytoplasmic side of the plasma membrane	{'GO:0000006': 0}	1.0
GO:0031236	C:extrinsic component of periplasmic side of plasma membrane	{'GO:0000006': 0}	1.0
GO:0031237	C:intrinsic component of periplasmic side of plasma membrane	{'GO:0000006': 0}	1.0
GO:0031240	C:external side of cell outer membrane	{'GO:0000006': 0}	1.0
GO:0031241	C:periplasmic side of cell outer membrane	{'GO:0000006': 0}	1.0
GO:0031246	C:intrinsic component of periplasmic side of cell outer membrane	{'GO:0000006': 0}	1.0
GO:0031250	C:anaerobic ribonucleoside-triphosphate reductase complex	{'GO:0000006': 0}	1.0
GO:0031280	P:negative regulation of cyclase activity	{'GO:0000006': 0}	1.0
GO:0031297	P:replication fork processing	{'GO:0000006': 0}	1.0
GO:0031346	P:positive regulation of cell projection organization	{'GO:0000006': 0}	1.0
GO:0031362	C:anchored component of external side of plasma membrane	{'GO:0000006': 0}	1.0
GO:0031365	P:N-terminal protein amino acid modification	{'GO:0000006': 0}	1.0
GO:0031388	P:organic acid phosphorylation	{'GO:0000006': 0}	1.0
GO:0031400	P:negative regulation of protein modification process	{'GO:0000006': 0}	1.0
GO:0031402	F:sodium ion binding	{'GO:0000006': 0}	1.0
GO:0031403	F:lithium ion binding	{'GO:0000006': 0}	1.0
GO:0031404	F:chloride ion binding	{'GO:0000006': 0}	1.0
GO:0031405	F:lipoic acid binding	{'GO:0000006': 0}	1.0
GO:0031418	F:L-ascorbic acid binding	{'GO:0000006': 0}	1.0
GO:0031419	F:cobalamin binding	{'GO:0000006': 0}	1.0
GO:0031420	F:alkali metal ion binding	{'GO:0000006': 0}	1.0
GO:0031421	C:invertasome	{'GO:0000006': 0}	1.0
GO:0031427	P:response to methotrexate	{'GO:0000006': 0}	1.0
GO:0031438	P:negative regulation of mRNA cleavage	{'GO:0000006': 0}	1.0
GO:0031439	P:positive regulation of mRNA cleavage	{'GO:0000006': 0}	1.0
GO:0031460	P:glycine betaine transport	{'GO:0000006': 0}	1.0
GO:0031471	C:ethanolamine degradation polyhedral organelle	{'GO:0000006': 0}	1.0
GO:0031522	C:cell envelope Sec protein transport complex	{'GO:0000006': 0}	1.0
GO:0031554	P:regulation of DNA-templated transcription, termination	{'GO:0000006': 0}	1.0
GO:0031555	P:transcriptional attenuation	{'GO:0000006': 0}	1.0
GO:0031556	P:transcriptional attenuation by ribosome	{'GO:0000006': 0}	1.0
GO:0031564	P:transcription antitermination	{'GO:0000006': 0}	1.0
GO:0031638	P:zymogen activation	{'GO:0000006': 0}	1.0
GO:0031648	P:protein destabilization	{'GO:0000006': 0}	1.0
GO:0031668	P:cellular response to extracellular stimulus	{'GO:0000006': 0}	1.0
GO:0031669	P:cellular response to nutrient levels	{'GO:0000006': 0}	1.0
GO:0031670	P:cellular response to nutrient	{'GO:0000006': 0}	1.0
GO:0031956	F:medium-chain fatty acid-CoA ligase activity	{'GO:0000006': 0}	1.0
GO:0031992	F:energy transducer activity	{'GO:0000006': 0}	1.0
GO:0032025	P:response to cobalt ion	{'GO:0000006': 0}	1.0
GO:0032026	P:response to magnesium ion	{'GO:0000006': 0}	1.0
GO:0032049	P:cardiolipin biosynthetic process	{'GO:0000006': 0}	1.0
GO:0032055	P:negative regulation of translation in response to stress	{'GO:0000006': 0}	1.0
GO:0032067	F:type IV site-specific deoxyribonuclease activity	{'GO:0000006': 0}	1.0
GO:0032091	P:negative regulation of protein binding	{'GO:0000006': 0}	1.0
GO:0032110	P:regulation of protein histidine kinase activity	{'GO:0000006': 0}	1.0
GO:0032131	F:alkylated DNA binding	{'GO:0000006': 0}	1.0
GO:0032135	F:DNA insertion or deletion binding	{'GO:0000006': 0}	1.0
GO:0032136	F:adenine/cytosine mispair binding	{'GO:0000006': 0}	1.0
GO:0032150	P:ubiquinone biosynthetic process from chorismate	{'GO:0000006': 0}	1.0
GO:0032153	C:cell division site	{'GO:0000006': 0}	1.0
GO:0032194	P:ubiquinone biosynthetic process via 3,4-dihydroxy-5-polyprenylbenzoate	{'GO:0000006': 0}	1.0
GO:0032196	P:transposition	{'GO:0000006': 0}	1.0
GO:0032238	P:adenosine transport	{'GO:0000006': 0}	1.0
GO:0032259	P:methylation	{'GO:0000006': 0}	1.0
GO:0032261	P:purine nucleotide salvage	{'GO:0000006': 0}	1.0
GO:0032263	P:GMP salvage	{'GO:0000006': 0}	1.0
GO:0032264	P:IMP salvage	{'GO:0000006': 0}	1.0
GO:0032265	P:XMP salvage	{'GO:0000006': 0}	1.0
GO:0032267	F:tRNA(Ile)-lysidine synthase activity	{'GO:0000006': 0}	1.0
GO:0032272	P:negative regulation of protein polymerization	{'GO:0000006': 0}	1.0
GO:0032297	P:negative regulation of DNA-dependent DNA replication initiation	{'GO:0000006': 0}	1.0
GO:0032298	P:positive regulation of DNA-dependent DNA replication initiation	{'GO:0000006': 0}	1.0
GO:0032299	C:ribonuclease H2 complex	{'GO:0000006': 0}	1.0
GO:0032300	C:mismatch repair complex	{'GO:0000006': 0}	1.0
GO:0032324	P:molybdopterin cofactor biosynthetic process	{'GO:0000006': 0}	1.0
GO:0032329	P:serine transport	{'GO:0000006': 0}	1.0
GO:0032357	F:oxidized purine DNA binding	{'GO:0000006': 0}	1.0
GO:0032359	P:provirus excision	{'GO:0000006': 0}	1.0
GO:0032361	P:pyridoxal phosphate catabolic process	{'GO:0000006': 0}	1.0
GO:0032412	P:regulation of ion transmembrane transporter activity	{'GO:0000006': 0}	1.0
GO:0032413	P:negative regulation of ion transmembrane transporter activity	{'GO:0000006': 0}	1.0
GO:0032414	P:positive regulation of ion transmembrane transporter activity	{'GO:0000006': 0}	1.0
GO:0032445	P:fructose import	{'GO:0000006': 0}	1.0
GO:0032448	F:DNA hairpin binding	{'GO:0000006': 0}	1.0
GO:0032450	F:maltose alpha-glucosidase activity	{'GO:0000006': 0}	1.0
GO:0032453	F:histone demethylase activity (H3-K4 specific)	{'GO:0000006': 0}	1.0
GO:0032462	P:regulation of protein homooligomerization	{'GO:0000006': 0}	1.0
GO:0032466	P:negative regulation of cytokinesis	{'GO:0000006': 0}	1.0
GO:0032467	P:positive regulation of cytokinesis	{'GO:0000006': 0}	1.0
GO:0032506	P:cytokinetic process	{'GO:0000006': 0}	1.0
GO:0032508	P:DNA duplex unwinding	{'GO:0000006': 0}	1.0
GO:0032549	F:ribonucleoside binding	{'GO:0000006': 0}	1.0
GO:0032553	F:ribonucleotide binding	{'GO:0000006': 0}	1.0
GO:0032556	F:pyrimidine deoxyribonucleotide binding	{'GO:0000006': 0}	1.0
GO:0032561	F:guanyl ribonucleotide binding	{'GO:0000006': 0}	1.0
GO:0032564	F:dATP binding	{'GO:0000006': 0}	1.0
GO:0032567	F:dGTP binding	{'GO:0000006': 0}	1.0
GO:0032775	P:DNA methylation on adenine	{'GO:0000006': 0}	1.0
GO:0032781	P:positive regulation of ATPase activity	{'GO:0000006': 0}	1.0
GO:0032784	P:regulation of DNA-templated transcription, elongation	{'GO:0000006': 0}	1.0
GO:0032790	P:ribosome disassembly	{'GO:0000006': 0}	1.0
GO:0032794	F:GTPase activating protein binding	{'GO:0000006': 0}	1.0
GO:0032843	F:hydroperoxide reductase activity	{'GO:0000006': 0}	1.0
GO:0032885	P:regulation of polysaccharide biosynthetic process	{'GO:0000006': 0}	1.0
GO:0032889	P:regulation of vacuole fusion, non-autophagic	{'GO:0000006': 0}	1.0
GO:0032951	P:regulation of beta-glucan biosynthetic process	{'GO:0000006': 0}	1.0
GO:0032955	P:regulation of division septum assembly	{'GO:0000006': 0}	1.0
GO:0032973	P:amino acid export across plasma membrane	{'GO:0000006': 0}	1.0
GO:0032977	F:membrane insertase activity	{'GO:0000006': 0}	1.0
GO:0032978	P:protein insertion into membrane from inner side	{'GO:0000006': 0}	1.0
GO:0032984	P:protein-containing complex disassembly	{'GO:0000006': 0}	1.0
GO:0032991	C:protein-containing complex	{'GO:0000006': 0}	1.0
GO:0032993	C:protein-DNA complex	{'GO:0000006': 0}	1.0
GO:0033014	P:tetrapyrrole biosynthetic process	{'GO:0000006': 0}	1.0
GO:0033051	P:aminophosphonate metabolic process	{'GO:0000006': 0}	1.0
GO:0033094	F:butane-1,4-diamine:2-oxoglutarate aminotransferase activity	{'GO:0000006': 0}	1.0
GO:0033120	P:positive regulation of RNA splicing	{'GO:0000006': 0}	1.0
GO:0033194	P:response to hydroperoxide	{'GO:0000006': 0}	1.0
GO:0033195	P:response to alkyl hydroperoxide	{'GO:0000006': 0}	1.0
GO:0033201	F:alpha-1,4-glucan synthase activity	{'GO:0000006': 0}	1.0
GO:0033202	C:DNA helicase complex	{'GO:0000006': 0}	1.0
GO:0033212	P:iron import into cell	{'GO:0000006': 0}	1.0
GO:0033214	P:siderophore-dependent iron import into cell	{'GO:0000006': 0}	1.0
GO:0033215	P:reductive iron assimilation	{'GO:0000006': 0}	1.0
GO:0033228	P:cysteine export across plasma membrane	{'GO:0000006': 0}	1.0
GO:0033229	F:cysteine transmembrane transporter activity	{'GO:0000006': 0}	1.0
GO:0033281	C:TAT protein transport complex	{'GO:0000006': 0}	1.0
GO:0033296	F:rhamnose binding	{'GO:0000006': 0}	1.0
GO:0033320	P:UDP-D-xylose biosynthetic process	{'GO:0000006': 0}	1.0
GO:0033345	P:asparagine catabolic process via L-aspartate	{'GO:0000006': 0}	1.0
GO:0033353	P:S-adenosylmethionine cycle	{'GO:0000006': 0}	1.0
GO:0033359	P:lysine biosynthetic process via diaminopimelate and N-succinyl-2-amino-6-ketopimelate	{'GO:0000006': 0}	1.0
GO:0033384	P:geranyl diphosphate biosynthetic process	{'GO:0000006': 0}	1.0
GO:0033387	P:putrescine biosynthetic process from ornithine	{'GO:0000006': 0}	1.0
GO:0033388	P:putrescine biosynthetic process from arginine	{'GO:0000006': 0}	1.0
GO:0033389	P:putrescine biosynthetic process from arginine, using agmatinase	{'GO:0000006': 0}	1.0
GO:0033468	P:CMP-keto-3-deoxy-D-manno-octulosonic acid biosynthetic process	{'GO:0000006': 0}	1.0
GO:0033477	P:S-methylmethionine metabolic process	{'GO:0000006': 0}	1.0
GO:0033499	P:galactose catabolic process via UDP-galactose	{'GO:0000006': 0}	1.0
GO:0033512	P:L-lysine catabolic process to acetyl-CoA via saccharopine	{'GO:0000006': 0}	1.0
GO:0033518	P:myo-inositol hexakisphosphate dephosphorylation	{'GO:0000006': 0}	1.0
GO:0033528	P:S-methylmethionine cycle	{'GO:0000006': 0}	1.0
GO:0033539	P:fatty acid beta-oxidation using acyl-CoA dehydrogenase	{'GO:0000006': 0}	1.0
GO:0033542	P:fatty acid beta-oxidation, unsaturated, even number	{'GO:0000006': 0}	1.0
GO:0033543	P:fatty acid beta-oxidation, unsaturated, even number, reductase/isomerase pathway	{'GO:0000006': 0}	1.0
GO:0033558	F:protein deacetylase activity	{'GO:0000006': 0}	1.0
GO:0033567	P:DNA replication, Okazaki fragment processing	{'GO:0000006': 0}	1.0
GO:0033573	C:high-affinity iron permease complex	{'GO:0000006': 0}	1.0
GO:0033585	P:L-phenylalanine biosynthetic process from chorismate via phenylpyruvate	{'GO:0000006': 0}	1.0
GO:0033587	P:shikimate biosynthetic process	{'GO:0000006': 0}	1.0
GO:0033592	F:RNA strand annealing activity	{'GO:0000006': 0}	1.0
GO:0033608	F:formyl-CoA transferase activity	{'GO:0000006': 0}	1.0
GO:0033611	P:oxalate catabolic process	{'GO:0000006': 0}	1.0
GO:0033613	F:activating transcription factor binding	{'GO:0000006': 0}	1.0
GO:0033644	C:host cell membrane	{'GO:0000006': 0}	1.0
GO:0033673	P:negative regulation of kinase activity	{'GO:0000006': 0}	1.0
GO:0033677	F:DNA/RNA helicase activity	{'GO:0000006': 0}	1.0
GO:0033683	P:nucleotide-excision repair, DNA incision	{'GO:0000006': 0}	1.0
GO:0033711	F:4-phosphoerythronate dehydrogenase activity	{'GO:0000006': 0}	1.0
GO:0033721	F:aldehyde dehydrogenase (NADP+) activity	{'GO:0000006': 0}	1.0
GO:0033737	F:1-pyrroline dehydrogenase activity	{'GO:0000006': 0}	1.0
GO:0033739	F:preQ1 synthase activity	{'GO:0000006': 0}	1.0
GO:0033743	F:peptide-methionine (R)-S-oxide reductase activity	{'GO:0000006': 0}	1.0
GO:0033744	F:L-methionine:thioredoxin-disulfide S-oxidoreductase activity	{'GO:0000006': 0}	1.0
GO:0033745	F:L-methionine-(R)-S-oxide reductase activity	{'GO:0000006': 0}	1.0
GO:0033748	F:hydrogenase (acceptor) activity	{'GO:0000006': 0}	1.0
GO:0033764	F:steroid dehydrogenase activity, acting on the CH-OH group of donors, NAD or NADP as acceptor	{'GO:0000006': 0}	1.0
GO:0033785	F:heptose 7-phosphate kinase activity	{'GO:0000006': 0}	1.0
GO:0033786	F:heptose-1-phosphate adenylyltransferase activity	{'GO:0000006': 0}	1.0
GO:0033797	F:selenate reductase activity	{'GO:0000006': 0}	1.0
GO:0033812	F:3-oxoadipyl-CoA thiolase activity	{'GO:0000006': 0}	1.0
GO:0033817	F:beta-ketoacyl-acyl-carrier-protein synthase II activity	{'GO:0000006': 0}	1.0
GO:0033818	F:beta-ketoacyl-acyl-carrier-protein synthase III activity	{'GO:0000006': 0}	1.0
GO:0033819	F:lipoyl(octanoyl) transferase activity	{'GO:0000006': 0}	1.0
GO:0033831	F:kojibiose phosphorylase activity	{'GO:0000006': 0}	1.0
GO:0033856	F:pyridoxine 5'-phosphate synthase activity	{'GO:0000006': 0}	1.0
GO:0033862	F:UMP kinase activity	{'GO:0000006': 0}	1.0
GO:0033863	F:ribose 1,5-bisphosphate phosphokinase activity	{'GO:0000006': 0}	1.0
GO:0033883	F:pyridoxal phosphatase activity	{'GO:0000006': 0}	1.0
GO:0033890	F:ribonuclease D activity	{'GO:0000006': 0}	1.0
GO:0033897	F:ribonuclease T2 activity	{'GO:0000006': 0}	1.0
GO:0033969	F:gamma-glutamyl-gamma-aminobutyrate hydrolase activity	{'GO:0000006': 0}	1.0
GO:0033971	F:hydroxyisourate hydrolase activity	{'GO:0000006': 0}	1.0
GO:0033982	F:3-dehydro-L-gulonate-6-phosphate decarboxylase activity	{'GO:0000006': 0}	1.0
GO:0034015	F:L-ribulose-5-phosphate 3-epimerase activity	{'GO:0000006': 0}	1.0
GO:0034017	F:trans-2-decenoyl-acyl-carrier-protein isomerase activity	{'GO:0000006': 0}	1.0
GO:0034023	F:5-(carboxyamino)imidazole ribonucleotide mutase activity	{'GO:0000006': 0}	1.0
GO:0034024	F:glutamate-putrescine ligase activity	{'GO:0000006': 0}	1.0
GO:0034028	F:5-(carboxyamino)imidazole ribonucleotide synthase activity	{'GO:0000006': 0}	1.0
GO:0034039	F:8-oxo-7,8-dihydroguanine DNA N-glycosylase activity	{'GO:0000006': 0}	1.0
GO:0034040	F:ATPase-coupled lipid transmembrane transporter activity	{'GO:0000006': 0}	1.0
GO:0034057	F:RNA strand-exchange activity	{'GO:0000006': 0}	1.0
GO:0034194	P:D-galactonate catabolic process	{'GO:0000006': 0}	1.0
GO:0034195	P:L-galactonate catabolic process	{'GO:0000006': 0}	1.0
GO:0034198	P:cellular response to amino acid starvation	{'GO:0000006': 0}	1.0
GO:0034200	F:D,D-heptose 1,7-bisphosphate phosphatase activity	{'GO:0000006': 0}	1.0
GO:0034203	P:glycolipid translocation	{'GO:0000006': 0}	1.0
GO:0034204	P:lipid translocation	{'GO:0000006': 0}	1.0
GO:0034213	P:quinolinate catabolic process	{'GO:0000006': 0}	1.0
GO:0034214	P:protein hexamerization	{'GO:0000006': 0}	1.0
GO:0034219	P:carbohydrate transmembrane transport	{'GO:0000006': 0}	1.0
GO:0034220	P:ion transmembrane transport	{'GO:0000006': 0}	1.0
GO:0034224	P:cellular response to zinc ion starvation	{'GO:0000006': 0}	1.0
GO:0034227	P:tRNA thio-modification	{'GO:0000006': 0}	1.0
GO:0034228	F:ethanolamine transmembrane transporter activity	{'GO:0000006': 0}	1.0
GO:0034257	F:nicotinamide riboside transmembrane transporter activity	{'GO:0000006': 0}	1.0
GO:0034258	P:nicotinamide riboside transport	{'GO:0000006': 0}	1.0
GO:0034260	P:negative regulation of GTPase activity	{'GO:0000006': 0}	1.0
GO:0034289	P:detection of maltose stimulus	{'GO:0000006': 0}	1.0
GO:0034335	F:DNA negative supercoiling activity	{'GO:0000006': 0}	1.0
GO:0034336	F:misfolded RNA binding	{'GO:0000006': 0}	1.0
GO:0034337	P:RNA folding	{'GO:0000006': 0}	1.0
GO:0034338	F:short-chain carboxylesterase activity	{'GO:0000006': 0}	1.0
GO:0034353	F:RNA pyrophosphohydrolase activity	{'GO:0000006': 0}	1.0
GO:0034355	P:NAD salvage	{'GO:0000006': 0}	1.0
GO:0034386	F:4-aminobutyrate:2-oxoglutarate transaminase activity	{'GO:0000006': 0}	1.0
GO:0034401	P:chromatin organization involved in regulation of transcription	{'GO:0000006': 0}	1.0
GO:0034414	P:tRNA 3'-trailer cleavage, endonucleolytic	{'GO:0000006': 0}	1.0
GO:0034419	F:L-2-hydroxyglutarate oxidase activity	{'GO:0000006': 0}	1.0
GO:0034421	P:post-translational protein acetylation	{'GO:0000006': 0}	1.0
GO:0034458	F:3'-5' RNA helicase activity	{'GO:0000006': 0}	1.0
GO:0034470	P:ncRNA processing	{'GO:0000006': 0}	1.0
GO:0034552	P:respiratory chain complex II assembly	{'GO:0000006': 0}	1.0
GO:0034567	F:chromate reductase activity	{'GO:0000006': 0}	1.0
GO:0034599	P:cellular response to oxidative stress	{'GO:0000006': 0}	1.0
GO:0034605	P:cellular response to heat	{'GO:0000006': 0}	1.0
GO:0034611	F:oligoribonucleotidase activity	{'GO:0000006': 0}	1.0
GO:0034614	P:cellular response to reactive oxygen species	{'GO:0000006': 0}	1.0
GO:0034618	F:arginine binding	{'GO:0000006': 0}	1.0
GO:0034620	P:cellular response to unfolded protein	{'GO:0000006': 0}	1.0
GO:0034622	P:cellular protein-containing complex assembly	{'GO:0000006': 0}	1.0
GO:0034628	P:'de novo' NAD biosynthetic process from aspartate	{'GO:0000006': 0}	1.0
GO:0034634	F:glutathione transmembrane transporter activity	{'GO:0000006': 0}	1.0
GO:0034639	F:L-amino acid efflux transmembrane transporter activity	{'GO:0000006': 0}	1.0
GO:0034644	P:cellular response to UV	{'GO:0000006': 0}	1.0
GO:0034656	P:nucleobase-containing small molecule catabolic process	{'GO:0000006': 0}	1.0
GO:0034661	P:ncRNA catabolic process	{'GO:0000006': 0}	1.0
GO:0034700	F:allulose 6-phosphate 3-epimerase activity	{'GO:0000006': 0}	1.0
GO:0034702	C:ion channel complex	{'GO:0000006': 0}	1.0
GO:0034707	C:chloride channel complex	{'GO:0000006': 0}	1.0
GO:0034722	F:gamma-glutamyl-peptidase activity	{'GO:0000006': 0}	1.0
GO:0034755	P:iron ion transmembrane transport	{'GO:0000006': 0}	1.0
GO:0034765	P:regulation of ion transmembrane transport	{'GO:0000006': 0}	1.0
GO:0034775	P:glutathione transmembrane transport	{'GO:0000006': 0}	1.0
GO:0034979	F:NAD-dependent protein deacetylase activity	{'GO:0000006': 0}	1.0
GO:0034983	P:peptidyl-lysine deacetylation	{'GO:0000006': 0}	1.0
GO:0034986	F:iron chaperone activity	{'GO:0000006': 0}	1.0
GO:0035312	F:5'-3' exodeoxyribonuclease activity	{'GO:0000006': 0}	1.0
GO:0035335	P:peptidyl-tyrosine dephosphorylation	{'GO:0000006': 0}	1.0
GO:0035344	P:hypoxanthine transport	{'GO:0000006': 0}	1.0
GO:0035350	P:FAD transmembrane transport	{'GO:0000006': 0}	1.0
GO:0035368	F:selenocysteine insertion sequence binding	{'GO:0000006': 0}	1.0
GO:0035429	P:gluconate transmembrane transport	{'GO:0000006': 0}	1.0
GO:0035433	P:acetate transmembrane transport	{'GO:0000006': 0}	1.0
GO:0035435	P:phosphate ion transmembrane transport	{'GO:0000006': 0}	1.0
GO:0035438	F:cyclic-di-GMP binding	{'GO:0000006': 0}	1.0
GO:0035442	P:dipeptide transmembrane transport	{'GO:0000006': 0}	1.0
GO:0035443	P:tripeptide transmembrane transport	{'GO:0000006': 0}	1.0
GO:0035444	P:nickel cation transmembrane transport	{'GO:0000006': 0}	1.0
GO:0035460	F:L-ascorbate 6-phosphate lactonase activity	{'GO:0000006': 0}	1.0
GO:0035485	F:adenine/guanine mispair binding	{'GO:0000006': 0}	1.0
GO:0035515	F:oxidative RNA demethylase activity	{'GO:0000006': 0}	1.0
GO:0035524	P:proline transmembrane transport	{'GO:0000006': 0}	1.0
GO:0035527	F:3-hydroxypropionate dehydrogenase (NADP+) activity	{'GO:0000006': 0}	1.0
GO:0035529	F:NADH pyrophosphatase activity	{'GO:0000006': 0}	1.0
GO:0035539	F:8-oxo-7,8-dihydrodeoxyguanosine triphosphate pyrophosphatase activity	{'GO:0000006': 0}	1.0
GO:0035552	P:oxidative single-stranded DNA demethylation	{'GO:0000006': 0}	1.0
GO:0035553	P:oxidative single-stranded RNA demethylation	{'GO:0000006': 0}	1.0
GO:0035556	P:intracellular signal transduction	{'GO:0000006': 0}	1.0
GO:0035596	F:methylthiotransferase activity	{'GO:0000006': 0}	1.0
GO:0035597	F:N6-isopentenyladenosine methylthiotransferase activity	{'GO:0000006': 0}	1.0
GO:0035599	F:aspartic acid methylthiotransferase activity	{'GO:0000006': 0}	1.0
GO:0035600	P:tRNA methylthiolation	{'GO:0000006': 0}	1.0
GO:0035606	P:peptidyl-cysteine S-trans-nitrosylation	{'GO:0000006': 0}	1.0
GO:0035672	P:oligopeptide transmembrane transport	{'GO:0000006': 0}	1.0
GO:0035673	F:oligopeptide transmembrane transporter activity	{'GO:0000006': 0}	1.0
GO:0035784	P:nickel cation homeostasis	{'GO:0000006': 0}	1.0
GO:0035864	P:response to potassium ion	{'GO:0000006': 0}	1.0
GO:0035870	F:dITP diphosphatase activity	{'GO:0000006': 0}	1.0
GO:0035888	F:isoguanine deaminase activity	{'GO:0000006': 0}	1.0
GO:0035971	P:peptidyl-histidine dephosphorylation	{'GO:0000006': 0}	1.0
GO:0035975	P:carbamoyl phosphate catabolic process	{'GO:0000006': 0}	1.0
GO:0035998	P:7,8-dihydroneopterin 3'-triphosphate biosynthetic process	{'GO:0000006': 0}	1.0
GO:0035999	P:tetrahydrofolate interconversion	{'GO:0000006': 0}	1.0
GO:0036001	P:'de novo' pyridoxal 5'-phosphate biosynthetic process	{'GO:0000006': 0}	1.0
GO:0036009	F:protein-glutamine N-methyltransferase activity	{'GO:0000006': 0}	1.0
GO:0036042	F:long-chain fatty acyl-CoA binding	{'GO:0000006': 0}	1.0
GO:0036047	P:peptidyl-lysine demalonylation	{'GO:0000006': 0}	1.0
GO:0036049	P:peptidyl-lysine desuccinylation	{'GO:0000006': 0}	1.0
GO:0036054	F:protein-malonyllysine demalonylase activity	{'GO:0000006': 0}	1.0
GO:0036055	F:protein-succinyllysine desuccinylase activity	{'GO:0000006': 0}	1.0
GO:0036065	P:fucosylation	{'GO:0000006': 0}	1.0
GO:0036088	P:D-serine catabolic process	{'GO:0000006': 0}	1.0
GO:0036094	F:small molecule binding	{'GO:0000006': 0}	1.0
GO:0036104	P:Kdo2-lipid A biosynthetic process	{'GO:0000006': 0}	1.0
GO:0036108	P:4-amino-4-deoxy-alpha-L-arabinopyranosyl undecaprenyl phosphate biosynthetic process	{'GO:0000006': 0}	1.0
GO:0036121	F:double-stranded DNA helicase activity	{'GO:0000006': 0}	1.0
GO:0036125	C:fatty acid beta-oxidation multienzyme complex	{'GO:0000006': 0}	1.0
GO:0036172	P:thiamine salvage	{'GO:0000006': 0}	1.0
GO:0036173	F:thiosulfate binding	{'GO:0000006': 0}	1.0
GO:0036198	P:dTMP salvage	{'GO:0000006': 0}	1.0
GO:0036212	P:contractile ring maintenance	{'GO:0000006': 0}	1.0
GO:0036218	F:dTTP diphosphatase activity	{'GO:0000006': 0}	1.0
GO:0036220	F:ITP diphosphatase activity	{'GO:0000006': 0}	1.0
GO:0036221	F:UTP diphosphatase activity	{'GO:0000006': 0}	1.0
GO:0036222	F:XTP diphosphatase activity	{'GO:0000006': 0}	1.0
GO:0036243	F:succinate-semialdehyde dehydrogenase (NADP+) activity	{'GO:0000006': 0}	1.0
GO:0036245	P:cellular response to menadione	{'GO:0000006': 0}	1.0
GO:0036265	P:RNA (guanine-N7)-methylation	{'GO:0000006': 0}	1.0
GO:0036289	P:peptidyl-serine autophosphorylation	{'GO:0000006': 0}	1.0
GO:0036298	P:recombinational interstrand cross-link repair	{'GO:0000006': 0}	1.0
GO:0036307	F:23S rRNA (adenine(2030)-N(6))-methyltransferase activity	{'GO:0000006': 0}	1.0
GO:0036308	F:16S rRNA (guanine(1516)-N(2))-methyltransferase activity	{'GO:0000006': 0}	1.0
GO:0036311	F:chitin disaccharide deacetylase activity	{'GO:0000006': 0}	1.0
GO:0036355	F:2-iminoacetate synthase activity	{'GO:0000006': 0}	1.0
GO:0036373	F:L-fucose mutarotase activity	{'GO:0000006': 0}	1.0
GO:0036374	F:glutathione hydrolase activity	{'GO:0000006': 0}	1.0
GO:0036376	P:sodium ion export across plasma membrane	{'GO:0000006': 0}	1.0
GO:0036380	F:UDP-N-acetylglucosamine-undecaprenyl-phosphate N-acetylglucosaminephosphotransferase activity	{'GO:0000006': 0}	1.0
GO:0036397	F:formate dehydrogenase (quinone) activity	{'GO:0000006': 0}	1.0
GO:0036405	C:anchored component of cell outer membrane	{'GO:0000006': 0}	1.0
GO:0036406	C:anchored component of periplasmic side of cell outer membrane	{'GO:0000006': 0}	1.0
GO:0036412	F:acetyl-CoA:oxalate CoA-transferase	{'GO:0000006': 0}	1.0
GO:0036448	P:cellular response to glucose-phosphate stress	{'GO:0000006': 0}	1.0
GO:0036456	F:L-methionine-(S)-S-oxide reductase activity	{'GO:0000006': 0}	1.0
GO:0036460	P:cellular response to cell envelope stress	{'GO:0000006': 0}	1.0
GO:0036506	P:maintenance of unfolded protein	{'GO:0000006': 0}	1.0
GO:0036524	F:protein deglycase activity	{'GO:0000006': 0}	1.0
GO:0036525	P:protein deglycation	{'GO:0000006': 0}	1.0
GO:0036529	P:protein deglycation, glyoxal removal	{'GO:0000006': 0}	1.0
GO:0038023	F:signaling receptor activity	{'GO:0000006': 0}	1.0
GO:0038083	P:peptidyl-tyrosine autophosphorylation	{'GO:0000006': 0}	1.0
GO:0040033	P:negative regulation of translation, ncRNA-mediated	{'GO:0000006': 0}	1.0
GO:0042026	P:protein refolding	{'GO:0000006': 0}	1.0
GO:0042126	P:nitrate metabolic process	{'GO:0000006': 0}	1.0
GO:0042128	P:nitrate assimilation	{'GO:0000006': 0}	1.0
GO:0042132	F:fructose 1,6-bisphosphate 1-phosphatase activity	{'GO:0000006': 0}	1.0
GO:0042150	P:plasmid recombination	{'GO:0000006': 0}	1.0
GO:0042157	P:lipoprotein metabolic process	{'GO:0000006': 0}	1.0
GO:0042158	P:lipoprotein biosynthetic process	{'GO:0000006': 0}	1.0
GO:0042168	P:heme metabolic process	{'GO:0000006': 0}	1.0
GO:0042177	P:negative regulation of protein catabolic process	{'GO:0000006': 0}	1.0
GO:0042182	P:ketone catabolic process	{'GO:0000006': 0}	1.0
GO:0042245	P:RNA repair	{'GO:0000006': 0}	1.0
GO:0042254	P:ribosome biogenesis	{'GO:0000006': 0}	1.0
GO:0042255	P:ribosome assembly	{'GO:0000006': 0}	1.0
GO:0042256	P:mature ribosome assembly	{'GO:0000006': 0}	1.0
GO:0042262	P:DNA protection	{'GO:0000006': 0}	1.0
GO:0042274	P:ribosomal small subunit biogenesis	{'GO:0000006': 0}	1.0
GO:0042276	P:error-prone translesion synthesis	{'GO:0000006': 0}	1.0
GO:0042277	F:peptide binding	{'GO:0000006': 0}	1.0
GO:0042278	P:purine nucleoside metabolic process	{'GO:0000006': 0}	1.0
GO:0042279	F:nitrite reductase (cytochrome, ammonia-forming) activity	{'GO:0000006': 0}	1.0
GO:0042286	F:glutamate-1-semialdehyde 2,1-aminomutase activity	{'GO:0000006': 0}	1.0
GO:0042301	F:phosphate ion binding	{'GO:0000006': 0}	1.0
GO:0042304	P:regulation of fatty acid biosynthetic process	{'GO:0000006': 0}	1.0
GO:0042351	P:'de novo' GDP-L-fucose biosynthetic process	{'GO:0000006': 0}	1.0
GO:0042354	P:L-fucose metabolic process	{'GO:0000006': 0}	1.0
GO:0042355	P:L-fucose catabolic process	{'GO:0000006': 0}	1.0
GO:0042371	P:vitamin K biosynthetic process	{'GO:0000006': 0}	1.0
GO:0042380	F:hydroxymethylbutenyl pyrophosphate reductase activity	{'GO:0000006': 0}	1.0
GO:0042398	P:cellular modified amino acid biosynthetic process	{'GO:0000006': 0}	1.0
GO:0042413	P:carnitine catabolic process	{'GO:0000006': 0}	1.0
GO:0042450	P:arginine biosynthetic process via ornithine	{'GO:0000006': 0}	1.0
GO:0042454	P:ribonucleoside catabolic process	{'GO:0000006': 0}	1.0
GO:0042493	P:response to drug	{'GO:0000006': 0}	1.0
GO:0042538	P:hyperosmotic salinity response	{'GO:0000006': 0}	1.0
GO:0042542	P:response to hydrogen peroxide	{'GO:0000006': 0}	1.0
GO:0042545	P:cell wall modification	{'GO:0000006': 0}	1.0
GO:0042577	F:lipid phosphatase activity	{'GO:0000006': 0}	1.0
GO:0042578	F:phosphoric ester hydrolase activity	{'GO:0000006': 0}	1.0
GO:0042586	F:peptide deformylase activity	{'GO:0000006': 0}	1.0
GO:0042594	P:response to starvation	{'GO:0000006': 0}	1.0
GO:0042597	C:periplasmic space	{'GO:0000006': 0}	1.0
GO:0042602	F:riboflavin reductase (NADPH) activity	{'GO:0000006': 0}	1.0
GO:0042619	P:poly-hydroxybutyrate biosynthetic process	{'GO:0000006': 0}	1.0
GO:0042626	F:ATPase-coupled transmembrane transporter activity	{'GO:0000006': 0}	1.0
GO:0042709	C:succinate-CoA ligase complex	{'GO:0000006': 0}	1.0
GO:0042732	P:D-xylose metabolic process	{'GO:0000006': 0}	1.0
GO:0042742	P:defense response to bacterium	{'GO:0000006': 0}	1.0
GO:0042743	P:hydrogen peroxide metabolic process	{'GO:0000006': 0}	1.0
GO:0042744	P:hydrogen peroxide catabolic process	{'GO:0000006': 0}	1.0
GO:0042759	P:long-chain fatty acid biosynthetic process	{'GO:0000006': 0}	1.0
GO:0042773	P:ATP synthesis coupled electron transport	{'GO:0000006': 0}	1.0
GO:0042777	P:plasma membrane ATP synthesis coupled proton transport	{'GO:0000006': 0}	1.0
GO:0042780	P:tRNA 3'-end processing	{'GO:0000006': 0}	1.0
GO:0042781	F:3'-tRNA processing endoribonuclease activity	{'GO:0000006': 0}	1.0
GO:0042788	C:polysomal ribosome	{'GO:0000006': 0}	1.0
GO:0042802	F:identical protein binding	{'GO:0000006': 0}	1.0
GO:0042803	F:protein homodimerization activity	{'GO:0000006': 0}	1.0
GO:0042806	F:fucose binding	{'GO:0000006': 0}	1.0
GO:0042817	P:pyridoxal metabolic process	{'GO:0000006': 0}	1.0
GO:0042819	P:vitamin B6 biosynthetic process	{'GO:0000006': 0}	1.0
GO:0042823	P:pyridoxal phosphate biosynthetic process	{'GO:0000006': 0}	1.0
GO:0042834	F:peptidoglycan binding	{'GO:0000006': 0}	1.0
GO:0042838	P:D-glucarate catabolic process	{'GO:0000006': 0}	1.0
GO:0042840	P:D-glucuronate catabolic process	{'GO:0000006': 0}	1.0
GO:0042843	P:D-xylose catabolic process	{'GO:0000006': 0}	1.0
GO:0042846	P:glycol catabolic process	{'GO:0000006': 0}	1.0
GO:0042866	P:pyruvate biosynthetic process	{'GO:0000006': 0}	1.0
GO:0042867	P:pyruvate catabolic process	{'GO:0000006': 0}	1.0
GO:0042873	P:aldonate transmembrane transport	{'GO:0000006': 0}	1.0
GO:0042882	P:L-arabinose transmembrane transport	{'GO:0000006': 0}	1.0
GO:0042884	P:microcin transport	{'GO:0000006': 0}	1.0
GO:0042885	P:microcin B17 transport	{'GO:0000006': 0}	1.0
GO:0042888	F:molybdenum ion transmembrane transporter activity	{'GO:0000006': 0}	1.0
GO:0042906	P:xanthine transport	{'GO:0000006': 0}	1.0
GO:0042907	F:xanthine transmembrane transporter activity	{'GO:0000006': 0}	1.0
GO:0042908	P:xenobiotic transport	{'GO:0000006': 0}	1.0
GO:0042910	F:xenobiotic transmembrane transporter activity	{'GO:0000006': 0}	1.0
GO:0042912	F:colicin transmembrane transporter activity	{'GO:0000006': 0}	1.0
GO:0042914	P:colicin transport	{'GO:0000006': 0}	1.0
GO:0042918	P:alkanesulfonate transport	{'GO:0000006': 0}	1.0
GO:0042925	F:benzoate transmembrane transporter activity	{'GO:0000006': 0}	1.0
GO:0042930	P:enterobactin transport	{'GO:0000006': 0}	1.0
GO:0042931	F:enterobactin transmembrane transporter activity	{'GO:0000006': 0}	1.0
GO:0042937	F:tripeptide transmembrane transporter activity	{'GO:0000006': 0}	1.0
GO:0042938	P:dipeptide transport	{'GO:0000006': 0}	1.0
GO:0042939	P:tripeptide transport	{'GO:0000006': 0}	1.0
GO:0042941	P:D-alanine transport	{'GO:0000006': 0}	1.0
GO:0042942	P:D-serine transport	{'GO:0000006': 0}	1.0
GO:0042944	F:D-alanine transmembrane transporter activity	{'GO:0000006': 0}	1.0
GO:0042945	F:D-serine transmembrane transporter activity	{'GO:0000006': 0}	1.0
GO:0042953	P:lipoprotein transport	{'GO:0000006': 0}	1.0
GO:0042956	P:maltodextrin transport	{'GO:0000006': 0}	1.0
GO:0042958	F:maltodextrin transmembrane transporter activity	{'GO:0000006': 0}	1.0
GO:0042959	F:alkanesulfonate transmembrane transporter activity	{'GO:0000006': 0}	1.0
GO:0042960	F:antimonite secondary active transmembrane transporter activity	{'GO:0000006': 0}	1.0
GO:0042968	P:homoserine transport	{'GO:0000006': 0}	1.0
GO:0042970	F:homoserine transmembrane transporter activity	{'GO:0000006': 0}	1.0
GO:0043022	F:ribosome binding	{'GO:0000006': 0}	1.0
GO:0043023	F:ribosomal large subunit binding	{'GO:0000006': 0}	1.0
GO:0043024	F:ribosomal small subunit binding	{'GO:0000006': 0}	1.0
GO:0043039	P:tRNA aminoacylation	{'GO:0000006': 0}	1.0
GO:0043041	P:amino acid activation for nonribosomal peptide biosynthetic process	{'GO:0000006': 0}	1.0
GO:0043052	P:thermotaxis	{'GO:0000006': 0}	1.0
GO:0043066	P:negative regulation of apoptotic process	{'GO:0000006': 0}	1.0
GO:0043068	P:positive regulation of programmed cell death	{'GO:0000006': 0}	1.0
GO:0043085	P:positive regulation of catalytic activity	{'GO:0000006': 0}	1.0
GO:0043086	P:negative regulation of catalytic activity	{'GO:0000006': 0}	1.0
GO:0043093	P:FtsZ-dependent cytokinesis	{'GO:0000006': 0}	1.0
GO:0043094	P:cellular metabolic compound salvage	{'GO:0000006': 0}	1.0
GO:0043100	P:pyrimidine nucleobase salvage	{'GO:0000006': 0}	1.0
GO:0043102	P:amino acid salvage	{'GO:0000006': 0}	1.0
GO:0043103	P:hypoxanthine salvage	{'GO:0000006': 0}	1.0
GO:0043107	P:type IV pilus-dependent motility	{'GO:0000006': 0}	1.0
GO:0043113	P:receptor clustering	{'GO:0000006': 0}	1.0
GO:0043115	F:precorrin-2 dehydrogenase activity	{'GO:0000006': 0}	1.0
GO:0043136	F:glycerol-3-phosphatase activity	{'GO:0000006': 0}	1.0
GO:0043137	P:DNA replication, removal of RNA primer	{'GO:0000006': 0}	1.0
GO:0043138	F:3'-5' DNA helicase activity	{'GO:0000006': 0}	1.0
GO:0043150	P:DNA synthesis involved in double-strand break repair via homologous recombination	{'GO:0000006': 0}	1.0
GO:0043157	P:response to cation stress	{'GO:0000006': 0}	1.0
GO:0043164	P:Gram-negative-bacterium-type cell wall biogenesis	{'GO:0000006': 0}	1.0
GO:0043165	P:Gram-negative-bacterium-type cell outer membrane assembly	{'GO:0000006': 0}	1.0
GO:0043168	F:anion binding	{'GO:0000006': 0}	1.0
GO:0043169	F:cation binding	{'GO:0000006': 0}	1.0
GO:0043171	P:peptide catabolic process	{'GO:0000006': 0}	1.0
GO:0043175	F:RNA polymerase core enzyme binding	{'GO:0000006': 0}	1.0
GO:0043190	C:ATP-binding cassette (ABC) transporter complex	{'GO:0000006': 0}	1.0
GO:0043199	F:sulfate binding	{'GO:0000006': 0}	1.0
GO:0043200	P:response to amino acid	{'GO:0000006': 0}	1.0
GO:0043201	P:response to leucine	{'GO:0000006': 0}	1.0
GO:0043211	F:ATPase-coupled carbohydrate transmembrane transporter activity	{'GO:0000006': 0}	1.0
GO:0043213	P:bacteriocin transport	{'GO:0000006': 0}	1.0
GO:0043231	C:intracellular membrane-bounded organelle	{'GO:0000006': 0}	1.0
GO:0043254	P:regulation of protein-containing complex assembly	{'GO:0000006': 0}	1.0
GO:0043273	F:CTPase activity	{'GO:0000006': 0}	1.0
GO:0043295	F:glutathione binding	{'GO:0000006': 0}	1.0
GO:0043333	F:2-octaprenyl-6-methoxy-1,4-benzoquinone methylase activity	{'GO:0000006': 0}	1.0
GO:0043335	P:protein unfolding	{'GO:0000006': 0}	1.0
GO:0043365	F:[formate-C-acetyltransferase]-activating enzyme activity	{'GO:0000006': 0}	1.0
GO:0043424	F:protein histidine kinase binding	{'GO:0000006': 0}	1.0
GO:0043431	F:2-octaprenyl-3-methyl-5-hydroxy-6-methoxy-1,4-benzoquinone methyltransferase activity	{'GO:0000006': 0}	1.0
GO:0043433	P:negative regulation of DNA-binding transcription factor activity	{'GO:0000006': 0}	1.0
GO:0043442	P:acetoacetic acid catabolic process	{'GO:0000006': 0}	1.0
GO:0043462	P:regulation of ATPase activity	{'GO:0000006': 0}	1.0
GO:0043468	P:regulation of fucose catabolic process	{'GO:0000006': 0}	1.0
GO:0043470	P:regulation of carbohydrate catabolic process	{'GO:0000006': 0}	1.0
GO:0043471	P:regulation of cellular carbohydrate catabolic process	{'GO:0000006': 0}	1.0
GO:0043487	P:regulation of RNA stability	{'GO:0000006': 0}	1.0
GO:0043488	P:regulation of mRNA stability	{'GO:0000006': 0}	1.0
GO:0043527	C:tRNA methyltransferase complex	{'GO:0000006': 0}	1.0
GO:0043530	F:adenosine 5'-monophosphoramidase activity	{'GO:0000006': 0}	1.0
GO:0043531	F:ADP binding	{'GO:0000006': 0}	1.0
GO:0043546	F:molybdopterin cofactor binding	{'GO:0000006': 0}	1.0
GO:0043547	P:positive regulation of GTPase activity	{'GO:0000006': 0}	1.0
GO:0043565	F:sequence-specific DNA binding	{'GO:0000006': 0}	1.0
GO:0043571	P:maintenance of CRISPR repeat elements	{'GO:0000006': 0}	1.0
GO:0043580	P:periplasmic space organization	{'GO:0000006': 0}	1.0
GO:0043590	C:bacterial nucleoid	{'GO:0000006': 0}	1.0
GO:0043621	F:protein self-association	{'GO:0000006': 0}	1.0
GO:0043682	F:copper transmembrane transporter activity, phosphorylative mechanism	{'GO:0000006': 0}	1.0
GO:0043683	P:type IV pilus biogenesis	{'GO:0000006': 0}	1.0
GO:0043686	P:co-translational protein modification	{'GO:0000006': 0}	1.0
GO:0043687	P:post-translational protein modification	{'GO:0000006': 0}	1.0
GO:0043708	P:cell adhesion involved in biofilm formation	{'GO:0000006': 0}	1.0
GO:0043709	P:cell adhesion involved in single-species biofilm formation	{'GO:0000006': 0}	1.0
GO:0043711	P:pilus organization	{'GO:0000006': 0}	1.0
GO:0043726	F:5-amino-6-(5-phosphoribitylamino)uracil phosphatase activity	{'GO:0000006': 0}	1.0
GO:0043734	F:DNA-N1-methyladenine dioxygenase activity	{'GO:0000006': 0}	1.0
GO:0043737	F:deoxyribonuclease V activity	{'GO:0000006': 0}	1.0
GO:0043748	F:O-succinylbenzoate synthase activity	{'GO:0000006': 0}	1.0
GO:0043751	F:polyphosphate:AMP phosphotransferase activity	{'GO:0000006': 0}	1.0
GO:0043752	F:adenosylcobinamide kinase activity	{'GO:0000006': 0}	1.0
GO:0043755	F:alpha-ribazole phosphatase activity	{'GO:0000006': 0}	1.0
GO:0043765	F:T/G mismatch-specific endonuclease activity	{'GO:0000006': 0}	1.0
GO:0043768	F:S-ribosylhomocysteine lyase activity	{'GO:0000006': 0}	1.0
GO:0043770	F:demethylmenaquinone methyltransferase activity	{'GO:0000006': 0}	1.0
GO:0043771	F:cytidine kinase activity	{'GO:0000006': 0}	1.0
GO:0043772	F:acyl-phosphate glycerol-3-phosphate acyltransferase activity	{'GO:0000006': 0}	1.0
GO:0043798	F:glycerate 2-kinase activity	{'GO:0000006': 0}	1.0
GO:0043811	F:phosphate:acyl-[acyl carrier protein] acyltransferase activity	{'GO:0000006': 0}	1.0
GO:0043815	F:phosphoribosylglycinamide formyltransferase 2 activity	{'GO:0000006': 0}	1.0
GO:0043821	F:propionyl-CoA:succinate CoA-transferase activity	{'GO:0000006': 0}	1.0
GO:0043824	F:succinylglutamate-semialdehyde dehydrogenase activity	{'GO:0000006': 0}	1.0
GO:0043825	F:succinylornithine transaminase activity	{'GO:0000006': 0}	1.0
GO:0043828	F:tRNA 2-selenouridine synthase activity	{'GO:0000006': 0}	1.0
GO:0043838	F:phosphatidylethanolamine:Kdo2-lipid A phosphoethanolamine transferase activity	{'GO:0000006': 0}	1.0
GO:0043842	F:Kdo transferase activity	{'GO:0000006': 0}	1.0
GO:0043846	C:DNA polymerase III, clamp loader complex	{'GO:0000006': 0}	1.0
GO:0043847	C:DNA polymerase III, clamp loader chi/psi subcomplex	{'GO:0000006': 0}	1.0
GO:0043856	F:anti-sigma factor antagonist activity	{'GO:0000006': 0}	1.0
GO:0043872	F:lysine:cadaverine antiporter activity	{'GO:0000006': 0}	1.0
GO:0043873	F:pyruvate-flavodoxin oxidoreductase activity	{'GO:0000006': 0}	1.0
GO:0043875	F:2-ketobutyrate formate-lyase activity	{'GO:0000006': 0}	1.0
GO:0043877	F:galactosamine-6-phosphate isomerase activity	{'GO:0000006': 0}	1.0
GO:0043879	F:glycolate transmembrane transporter activity	{'GO:0000006': 0}	1.0
GO:0043887	F:melibiose:sodium symporter activity	{'GO:0000006': 0}	1.0
GO:0043906	F:Ala-tRNA(Pro) hydrolase activity	{'GO:0000006': 0}	1.0
GO:0043907	F:Cys-tRNA(Pro) hydrolase activity	{'GO:0000006': 0}	1.0
GO:0043908	F:Ser(Gly)-tRNA(Ala) hydrolase activity	{'GO:0000006': 0}	1.0
GO:0043916	F:DNA-7-methylguanine glycosylase activity	{'GO:0000006': 0}	1.0
GO:0043918	F:cadaverine aminopropyltransferase activity	{'GO:0000006': 0}	1.0
GO:0043952	P:protein transport by the Sec complex	{'GO:0000006': 0}	1.0
GO:0043953	P:protein transport by the Tat complex	{'GO:0000006': 0}	1.0
GO:0043957	F:acryloyl-CoA reductase (NADP+) activity	{'GO:0000006': 0}	1.0
GO:0043963	P:modulation by symbiont of host adenylate cyclase-mediated signal transduction	{'GO:0000006': 0}	1.0
GO:0044010	P:single-species biofilm formation	{'GO:0000006': 0}	1.0
GO:0044011	P:single-species biofilm formation on inanimate substrate	{'GO:0000006': 0}	1.0
GO:0044038	P:cell wall macromolecule biosynthetic process	{'GO:0000006': 0}	1.0
GO:0044092	P:negative regulation of molecular function	{'GO:0000006': 0}	1.0
GO:0044179	P:hemolysis in other organism	{'GO:0000006': 0}	1.0
GO:0044183	F:protein folding chaperone	{'GO:0000006': 0}	1.0
GO:0044205	P:'de novo' UMP biosynthetic process	{'GO:0000006': 0}	1.0
GO:0044206	P:UMP salvage	{'GO:0000006': 0}	1.0
GO:0044208	P:'de novo' AMP biosynthetic process	{'GO:0000006': 0}	1.0
GO:0044209	P:AMP salvage	{'GO:0000006': 0}	1.0
GO:0044210	P:'de novo' CTP biosynthetic process	{'GO:0000006': 0}	1.0
GO:0044211	P:CTP salvage	{'GO:0000006': 0}	1.0
GO:0044238	P:primary metabolic process	{'GO:0000006': 0}	1.0
GO:0044248	P:cellular catabolic process	{'GO:0000006': 0}	1.0
GO:0044255	P:cellular lipid metabolic process	{'GO:0000006': 0}	1.0
GO:0044262	P:cellular carbohydrate metabolic process	{'GO:0000006': 0}	1.0
GO:0044271	P:cellular nitrogen compound biosynthetic process	{'GO:0000006': 0}	1.0
GO:0044273	P:sulfur compound catabolic process	{'GO:0000006': 0}	1.0
GO:0044275	P:cellular carbohydrate catabolic process	{'GO:0000006': 0}	1.0
GO:0044318	F:L-aspartate:fumarate oxidoreductase activity	{'GO:0000006': 0}	1.0
GO:0044341	P:sodium-dependent phosphate transport	{'GO:0000006': 0}	1.0
GO:0044349	P:DNA excision	{'GO:0000006': 0}	1.0
GO:0044355	P:clearance of foreign intracellular DNA	{'GO:0000006': 0}	1.0
GO:0044374	F:sequence-specific DNA binding, bending	{'GO:0000006': 0}	1.0
GO:0044384	C:host outer membrane	{'GO:0000006': 0}	1.0
GO:0044532	P:modulation of apoptotic process in other organism	{'GO:0000006': 0}	1.0
GO:0044547	F:DNA topoisomerase binding	{'GO:0000006': 0}	1.0
GO:0044550	P:secondary metabolite biosynthetic process	{'GO:0000006': 0}	1.0
GO:0044569	C:[Ni-Fe] hydrogenase complex	{'GO:0000006': 0}	1.0
GO:0044571	P:[2Fe-2S] cluster assembly	{'GO:0000006': 0}	1.0
GO:0044610	F:FMN transmembrane transporter activity	{'GO:0000006': 0}	1.0
GO:0044659	P:viral release from host cell by cytolysis	{'GO:0000006': 0}	1.0
GO:0044667	F:(R)-carnitine:4-(trimethylammonio)butanoate antiporter activity	{'GO:0000006': 0}	1.0
GO:0044715	F:8-oxo-dGDP phosphatase activity	{'GO:0000006': 0}	1.0
GO:0044716	F:8-oxo-GDP phosphatase activity	{'GO:0000006': 0}	1.0
GO:0044718	P:siderophore transmembrane transport	{'GO:0000006': 0}	1.0
GO:0044729	F:hemi-methylated DNA-binding	{'GO:0000006': 0}	1.0
GO:0044764	P:multi-organism cellular process	{'GO:0000006': 0}	1.0
GO:0044776	C:DNA polymerase III, core complex	{'GO:0000006': 0}	1.0
GO:0044780	P:bacterial-type flagellum assembly	{'GO:0000006': 0}	1.0
GO:0044781	P:bacterial-type flagellum organization	{'GO:0000006': 0}	1.0
GO:0044787	P:bacterial-type DNA replication	{'GO:0000006': 0}	1.0
GO:0044799	C:NarGHI complex	{'GO:0000006': 0}	1.0
GO:0044826	P:viral genome integration into host DNA	{'GO:0000006': 0}	1.0
GO:0044874	P:lipoprotein localization to outer membrane	{'GO:0000006': 0}	1.0
GO:0044877	F:protein-containing complex binding	{'GO:0000006': 0}	1.0
GO:0045004	P:DNA replication proofreading	{'GO:0000006': 0}	1.0
GO:0045013	P:carbon catabolite repression of transcription	{'GO:0000006': 0}	1.0
GO:0045127	F:N-acetylglucosamine kinase activity	{'GO:0000006': 0}	1.0
GO:0045145	F:single-stranded DNA 5'-3' exodeoxyribonuclease activity	{'GO:0000006': 0}	1.0
GO:0045148	F:tripeptide aminopeptidase activity	{'GO:0000006': 0}	1.0
GO:0045152	F:antisigma factor binding	{'GO:0000006': 0}	1.0
GO:0045182	F:translation regulator activity	{'GO:0000006': 0}	1.0
GO:0045203	C:integral component of cell outer membrane	{'GO:0000006': 0}	1.0
GO:0045226	P:extracellular polysaccharide biosynthetic process	{'GO:0000006': 0}	1.0
GO:0045227	P:capsule polysaccharide biosynthetic process	{'GO:0000006': 0}	1.0
GO:0045228	P:slime layer polysaccharide biosynthetic process	{'GO:0000006': 0}	1.0
GO:0045239	C:tricarboxylic acid cycle enzyme complex	{'GO:0000006': 0}	1.0
GO:0045250	C:cytosolic pyruvate dehydrogenase complex	{'GO:0000006': 0}	1.0
GO:0045252	C:oxoglutarate dehydrogenase complex	{'GO:0000006': 0}	1.0
GO:0045254	C:pyruvate dehydrogenase complex	{'GO:0000006': 0}	1.0
GO:0045261	C:proton-transporting ATP synthase complex, catalytic core F(1)	{'GO:0000006': 0}	1.0
GO:0045263	C:proton-transporting ATP synthase complex, coupling factor F(o)	{'GO:0000006': 0}	1.0
GO:0045271	C:respiratory chain complex I	{'GO:0000006': 0}	1.0
GO:0045272	C:plasma membrane respiratory chain complex I	{'GO:0000006': 0}	1.0
GO:0045281	C:succinate dehydrogenase complex	{'GO:0000006': 0}	1.0
GO:0045282	C:plasma membrane succinate dehydrogenase complex	{'GO:0000006': 0}	1.0
GO:0045284	C:plasma membrane fumarate reductase complex	{'GO:0000006': 0}	1.0
GO:0045330	F:aspartyl esterase activity	{'GO:0000006': 0}	1.0
GO:0045333	P:cellular respiration	{'GO:0000006': 0}	1.0
GO:0045337	P:farnesyl diphosphate biosynthetic process	{'GO:0000006': 0}	1.0
GO:0045437	F:uridine nucleosidase activity	{'GO:0000006': 0}	1.0
GO:0045454	P:cell redox homeostasis	{'GO:0000006': 0}	1.0
GO:0045471	P:response to ethanol	{'GO:0000006': 0}	1.0
GO:0045490	P:pectin catabolic process	{'GO:0000006': 0}	1.0
GO:0045493	P:xylan catabolic process	{'GO:0000006': 0}	1.0
GO:0045717	P:negative regulation of fatty acid biosynthetic process	{'GO:0000006': 0}	1.0
GO:0045719	P:negative regulation of glycogen biosynthetic process	{'GO:0000006': 0}	1.0
GO:0045723	P:positive regulation of fatty acid biosynthetic process	{'GO:0000006': 0}	1.0
GO:0045727	P:positive regulation of translation	{'GO:0000006': 0}	1.0
GO:0045732	P:positive regulation of protein catabolic process	{'GO:0000006': 0}	1.0
GO:0045733	P:acetate catabolic process	{'GO:0000006': 0}	1.0
GO:0045819	P:positive regulation of glycogen catabolic process	{'GO:0000006': 0}	1.0
GO:0045828	P:positive regulation of isoprenoid metabolic process	{'GO:0000006': 0}	1.0
GO:0045848	P:positive regulation of nitrogen utilization	{'GO:0000006': 0}	1.0
GO:0045859	P:regulation of protein kinase activity	{'GO:0000006': 0}	1.0
GO:0045861	P:negative regulation of proteolysis	{'GO:0000006': 0}	1.0
GO:0045862	P:positive regulation of proteolysis	{'GO:0000006': 0}	1.0
GO:0045881	P:positive regulation of sporulation resulting in formation of a cellular spore	{'GO:0000006': 0}	1.0
GO:0045883	P:positive regulation of sulfur utilization	{'GO:0000006': 0}	1.0
GO:0045892	P:negative regulation of transcription, DNA-templated	{'GO:0000006': 0}	1.0
GO:0045893	P:positive regulation of transcription, DNA-templated	{'GO:0000006': 0}	1.0
GO:0045900	P:negative regulation of translational elongation	{'GO:0000006': 0}	1.0
GO:0045903	P:positive regulation of translational fidelity	{'GO:0000006': 0}	1.0
GO:0045911	P:positive regulation of DNA recombination	{'GO:0000006': 0}	1.0
GO:0045912	P:negative regulation of carbohydrate metabolic process	{'GO:0000006': 0}	1.0
GO:0045913	P:positive regulation of carbohydrate metabolic process	{'GO:0000006': 0}	1.0
GO:0045926	P:negative regulation of growth	{'GO:0000006': 0}	1.0
GO:0045936	P:negative regulation of phosphate metabolic process	{'GO:0000006': 0}	1.0
GO:0045947	P:negative regulation of translational initiation	{'GO:0000006': 0}	1.0
GO:0045948	P:positive regulation of translational initiation	{'GO:0000006': 0}	1.0
GO:0045974	P:regulation of translation, ncRNA-mediated	{'GO:0000006': 0}	1.0
GO:0045975	P:positive regulation of translation, ncRNA-mediated	{'GO:0000006': 0}	1.0
GO:0046040	P:IMP metabolic process	{'GO:0000006': 0}	1.0
GO:0046047	P:TTP catabolic process	{'GO:0000006': 0}	1.0
GO:0046050	P:UMP catabolic process	{'GO:0000006': 0}	1.0
GO:0046052	P:UTP catabolic process	{'GO:0000006': 0}	1.0
GO:0046061	P:dATP catabolic process	{'GO:0000006': 0}	1.0
GO:0046076	P:dTTP catabolic process	{'GO:0000006': 0}	1.0
GO:0046081	P:dUTP catabolic process	{'GO:0000006': 0}	1.0
GO:0046084	P:adenine biosynthetic process	{'GO:0000006': 0}	1.0
GO:0046086	P:adenosine biosynthetic process	{'GO:0000006': 0}	1.0
GO:0046098	P:guanine metabolic process	{'GO:0000006': 0}	1.0
GO:0046100	P:hypoxanthine metabolic process	{'GO:0000006': 0}	1.0
GO:0046101	P:hypoxanthine biosynthetic process	{'GO:0000006': 0}	1.0
GO:0046103	P:inosine biosynthetic process	{'GO:0000006': 0}	1.0
GO:0046104	P:thymidine metabolic process	{'GO:0000006': 0}	1.0
GO:0046113	P:nucleobase catabolic process	{'GO:0000006': 0}	1.0
GO:0046115	P:guanosine catabolic process	{'GO:0000006': 0}	1.0
GO:0046124	P:purine deoxyribonucleoside catabolic process	{'GO:0000006': 0}	1.0
GO:0046132	P:pyrimidine ribonucleoside biosynthetic process	{'GO:0000006': 0}	1.0
GO:0046133	P:pyrimidine ribonucleoside catabolic process	{'GO:0000006': 0}	1.0
GO:0046166	P:glyceraldehyde-3-phosphate biosynthetic process	{'GO:0000006': 0}	1.0
GO:0046167	P:glycerol-3-phosphate biosynthetic process	{'GO:0000006': 0}	1.0
GO:0046168	P:glycerol-3-phosphate catabolic process	{'GO:0000006': 0}	1.0
GO:0046176	P:aldonic acid catabolic process	{'GO:0000006': 0}	1.0
GO:0046177	P:D-gluconate catabolic process	{'GO:0000006': 0}	1.0
GO:0046181	P:ketogluconate catabolic process	{'GO:0000006': 0}	1.0
GO:0046183	P:L-idonate catabolic process	{'GO:0000006': 0}	1.0
GO:0046187	P:acetaldehyde catabolic process	{'GO:0000006': 0}	1.0
GO:0046196	P:4-nitrophenol catabolic process	{'GO:0000006': 0}	1.0
GO:0046210	P:nitric oxide catabolic process	{'GO:0000006': 0}	1.0
GO:0046214	P:enterobactin catabolic process	{'GO:0000006': 0}	1.0
GO:0046256	P:2,4,6-trinitrotoluene catabolic process	{'GO:0000006': 0}	1.0
GO:0046271	P:phenylpropanoid catabolic process	{'GO:0000006': 0}	1.0
GO:0046279	P:3,4-dihydroxybenzoate biosynthetic process	{'GO:0000006': 0}	1.0
GO:0046292	P:formaldehyde metabolic process	{'GO:0000006': 0}	1.0
GO:0046294	P:formaldehyde catabolic process	{'GO:0000006': 0}	1.0
GO:0046295	P:glycolate biosynthetic process	{'GO:0000006': 0}	1.0
GO:0046296	P:glycolate catabolic process	{'GO:0000006': 0}	1.0
GO:0046306	P:alkanesulfonate catabolic process	{'GO:0000006': 0}	1.0
GO:0046316	F:gluconokinase activity	{'GO:0000006': 0}	1.0
GO:0046323	P:glucose import	{'GO:0000006': 0}	1.0
GO:0046325	P:negative regulation of glucose import	{'GO:0000006': 0}	1.0
GO:0046336	P:ethanolamine catabolic process	{'GO:0000006': 0}	1.0
GO:0046342	P:CDP-diacylglycerol catabolic process	{'GO:0000006': 0}	1.0
GO:0046348	P:amino sugar catabolic process	{'GO:0000006': 0}	1.0
GO:0046365	P:monosaccharide catabolic process	{'GO:0000006': 0}	1.0
GO:0046377	P:colanic acid metabolic process	{'GO:0000006': 0}	1.0
GO:0046386	P:deoxyribose phosphate catabolic process	{'GO:0000006': 0}	1.0
GO:0046392	P:galactarate catabolic process	{'GO:0000006': 0}	1.0
GO:0046397	P:galacturonate catabolic process	{'GO:0000006': 0}	1.0
GO:0046416	P:D-amino acid metabolic process	{'GO:0000006': 0}	1.0
GO:0046417	P:chorismate metabolic process	{'GO:0000006': 0}	1.0
GO:0046421	F:methylisocitrate lyase activity	{'GO:0000006': 0}	1.0
GO:0046428	F:1,4-dihydroxy-2-naphthoate octaprenyltransferase activity	{'GO:0000006': 0}	1.0
GO:0046429	F:4-hydroxy-3-methylbut-2-en-1-yl diphosphate synthase activity	{'GO:0000006': 0}	1.0
GO:0046452	P:dihydrofolate metabolic process	{'GO:0000006': 0}	1.0
GO:0046459	P:short-chain fatty acid metabolic process	{'GO:0000006': 0}	1.0
GO:0046470	P:phosphatidylcholine metabolic process	{'GO:0000006': 0}	1.0
GO:0046471	P:phosphatidylglycerol metabolic process	{'GO:0000006': 0}	1.0
GO:0046474	P:glycerophospholipid biosynthetic process	{'GO:0000006': 0}	1.0
GO:0046487	P:glyoxylate metabolic process	{'GO:0000006': 0}	1.0
GO:0046496	P:nicotinamide nucleotide metabolic process	{'GO:0000006': 0}	1.0
GO:0046501	P:protoporphyrinogen IX metabolic process	{'GO:0000006': 0}	1.0
GO:0046537	F:2,3-bisphosphoglycerate-independent phosphoglycerate mutase activity	{'GO:0000006': 0}	1.0
GO:0046538	F:2,3-bisphosphoglycerate-dependent phosphoglycerate mutase activity	{'GO:0000006': 0}	1.0
GO:0046553	F:D-malate dehydrogenase (decarboxylating) activity	{'GO:0000006': 0}	1.0
GO:0046566	F:DOPA dioxygenase activity	{'GO:0000006': 0}	1.0
GO:0046583	F:cation efflux transmembrane transporter activity	{'GO:0000006': 0}	1.0
GO:0046618	P:drug export	{'GO:0000006': 0}	1.0
GO:0046653	P:tetrahydrofolate metabolic process	{'GO:0000006': 0}	1.0
GO:0046654	P:tetrahydrofolate biosynthetic process	{'GO:0000006': 0}	1.0
GO:0046655	P:folic acid metabolic process	{'GO:0000006': 0}	1.0
GO:0046656	P:folic acid biosynthetic process	{'GO:0000006': 0}	1.0
GO:0046657	P:folic acid catabolic process	{'GO:0000006': 0}	1.0
GO:0046658	C:anchored component of plasma membrane	{'GO:0000006': 0}	1.0
GO:0046677	P:response to antibiotic	{'GO:0000006': 0}	1.0
GO:0046685	P:response to arsenic-containing substance	{'GO:0000006': 0}	1.0
GO:0046686	P:response to cadmium ion	{'GO:0000006': 0}	1.0
GO:0046687	P:response to chromate	{'GO:0000006': 0}	1.0
GO:0046688	P:response to copper ion	{'GO:0000006': 0}	1.0
GO:0046690	P:response to tellurium ion	{'GO:0000006': 0}	1.0
GO:0046718	P:viral entry into host cell	{'GO:0000006': 0}	1.0
GO:0046777	P:protein autophosphorylation	{'GO:0000006': 0}	1.0
GO:0046790	F:virion binding	{'GO:0000006': 0}	1.0
GO:0046813	P:receptor-mediated virion attachment to host cell	{'GO:0000006': 0}	1.0
GO:0046820	F:4-amino-4-deoxychorismate synthase activity	{'GO:0000006': 0}	1.0
GO:0046835	P:carbohydrate phosphorylation	{'GO:0000006': 0}	1.0
GO:0046839	P:phospholipid dephosphorylation	{'GO:0000006': 0}	1.0
GO:0046854	P:phosphatidylinositol phosphorylation	{'GO:0000006': 0}	1.0
GO:0046855	P:inositol phosphate dephosphorylation	{'GO:0000006': 0}	1.0
GO:0046857	F:oxidoreductase activity, acting on other nitrogenous compounds as donors, with NAD or NADP as acceptor	{'GO:0000006': 0}	1.0
GO:0046870	F:cadmium ion binding	{'GO:0000006': 0}	1.0
GO:0046872	F:metal ion binding	{'GO:0000006': 0}	1.0
GO:0046890	P:regulation of lipid biosynthetic process	{'GO:0000006': 0}	1.0
GO:0046892	P:peptidyl-S-carbamoyl-L-cysteine dehydration	{'GO:0000006': 0}	1.0
GO:0046906	F:tetrapyrrole binding	{'GO:0000006': 0}	1.0
GO:0046914	F:transition metal ion binding	{'GO:0000006': 0}	1.0
GO:0046917	F:triphosphoribosyl-dephospho-CoA synthase activity	{'GO:0000006': 0}	1.0
GO:0046930	C:pore complex	{'GO:0000006': 0}	1.0
GO:0046933	F:proton-transporting ATP synthase activity, rotational mechanism	{'GO:0000006': 0}	1.0
GO:0046942	P:carboxylic acid transport	{'GO:0000006': 0}	1.0
GO:0046943	F:carboxylic acid transmembrane transporter activity	{'GO:0000006': 0}	1.0
GO:0046944	P:protein carbamoylation	{'GO:0000006': 0}	1.0
GO:0046952	P:ketone body catabolic process	{'GO:0000006': 0}	1.0
GO:0046961	F:proton-transporting ATPase activity, rotational mechanism	{'GO:0000006': 0}	1.0
GO:0046982	F:protein heterodimerization activity	{'GO:0000006': 0}	1.0
GO:0046983	F:protein dimerization activity	{'GO:0000006': 0}	1.0
GO:0046990	F:N-hydroxyarylamine O-acetyltransferase activity	{'GO:0000006': 0}	1.0
GO:0047001	F:2-dehydro-3-deoxy-D-gluconate 5-dehydrogenase activity	{'GO:0000006': 0}	1.0
GO:0047070	F:3-carboxyethylcatechol 2,3-dioxygenase activity	{'GO:0000006': 0}	1.0
GO:0047106	F:4-hydroxyphenylacetaldehyde dehydrogenase activity	{'GO:0000006': 0}	1.0
GO:0047111	F:formate dehydrogenase (cytochrome-c-553) activity	{'GO:0000006': 0}	1.0
GO:0047134	F:protein-disulfide reductase activity	{'GO:0000006': 0}	1.0
GO:0047150	F:betaine-homocysteine S-methyltransferase activity	{'GO:0000006': 0}	1.0
GO:0047241	F:lipopolysaccharide N-acetylmannosaminouronosyltransferase activity	{'GO:0000006': 0}	1.0
GO:0047270	F:lipopolysaccharide glucosyltransferase II activity	{'GO:0000006': 0}	1.0
GO:0047293	F:4-hydroxybenzoate nonaprenyltransferase activity	{'GO:0000006': 0}	1.0
GO:0047324	F:phosphoenolpyruvate-glycerone phosphotransferase activity	{'GO:0000006': 0}	1.0
GO:0047372	F:acylglycerol lipase activity	{'GO:0000006': 0}	1.0
GO:0047388	F:[glutamine synthetase]-adenylyl-L-tyrosine phosphorylase	{'GO:0000006': 0}	1.0
GO:0047389	F:glycerophosphocholine phosphodiesterase activity	{'GO:0000006': 0}	1.0
GO:0047395	F:glycerophosphoinositol glycerophosphodiesterase activity	{'GO:0000006': 0}	1.0
GO:0047405	F:pyrimidine-5'-nucleotide nucleosidase activity	{'GO:0000006': 0}	1.0
GO:0047408	F:alkenylglycerophosphocholine hydrolase activity	{'GO:0000006': 0}	1.0
GO:0047409	F:alkenylglycerophosphoethanolamine hydrolase activity	{'GO:0000006': 0}	1.0
GO:0047419	F:N-acetylgalactosamine-6-phosphate deacetylase activity	{'GO:0000006': 0}	1.0
GO:0047429	F:nucleoside-triphosphate diphosphatase activity	{'GO:0000006': 0}	1.0
GO:0047440	F:2-dehydro-3-deoxy-D-pentonate aldolase activity	{'GO:0000006': 0}	1.0
GO:0047451	F:3-hydroxyoctanoyl-[acyl-carrier-protein] dehydratase activity	{'GO:0000006': 0}	1.0
GO:0047456	F:2-methylisocitrate dehydratase activity	{'GO:0000006': 0}	1.0
GO:0047465	F:N-acylglucosamine-6-phosphate 2-epimerase activity	{'GO:0000006': 0}	1.0
GO:0047475	F:phenylacetate-CoA ligase activity	{'GO:0000006': 0}	1.0
GO:0047480	F:UDP-N-acetylmuramoyl-tripeptide-D-alanyl-D-alanine ligase activity	{'GO:0000006': 0}	1.0
GO:0047484	P:regulation of response to osmotic stress	{'GO:0000006': 0}	1.0
GO:0047485	F:protein N-terminus binding	{'GO:0000006': 0}	1.0
GO:0047527	F:2,3-dihydroxybenzoate-serine ligase activity	{'GO:0000006': 0}	1.0
GO:0047545	F:2-hydroxyglutarate dehydrogenase activity	{'GO:0000006': 0}	1.0
GO:0047547	F:2-methylcitrate dehydratase activity	{'GO:0000006': 0}	1.0
GO:0047559	F:3-dehydro-L-gulonate 2-dehydrogenase activity	{'GO:0000006': 0}	1.0
GO:0047577	F:4-hydroxybutyrate dehydrogenase activity	{'GO:0000006': 0}	1.0
GO:0047589	F:5-aminovalerate transaminase activity	{'GO:0000006': 0}	1.0
GO:0047617	F:acyl-CoA hydrolase activity	{'GO:0000006': 0}	1.0
GO:0047622	F:adenosine nucleosidase activity	{'GO:0000006': 0}	1.0
GO:0047631	F:ADP-ribose diphosphatase activity	{'GO:0000006': 0}	1.0
GO:0047652	F:allantoate deiminase activity	{'GO:0000006': 0}	1.0
GO:0047661	F:amino-acid racemase activity	{'GO:0000006': 0}	1.0
GO:0047681	F:aryl-alcohol dehydrogenase (NADP+) activity	{'GO:0000006': 0}	1.0
GO:0047693	F:ATP diphosphatase activity	{'GO:0000006': 0}	1.0
GO:0047723	F:inosinate nucleosidase activity	{'GO:0000006': 0}	1.0
GO:0047724	F:inosine nucleosidase activity	{'GO:0000006': 0}	1.0
GO:0047770	F:carboxylate reductase activity	{'GO:0000006': 0}	1.0
GO:0047780	F:citrate dehydratase activity	{'GO:0000006': 0}	1.0
GO:0047804	F:cysteine-S-conjugate beta-lyase activity	{'GO:0000006': 0}	1.0
GO:0047808	F:D(-)-tartrate dehydratase activity	{'GO:0000006': 0}	1.0
GO:0047840	F:dCTP diphosphatase activity	{'GO:0000006': 0}	1.0
GO:0047844	F:deoxycytidine deaminase activity	{'GO:0000006': 0}	1.0
GO:0047917	F:GDP-glucosidase activity	{'GO:0000006': 0}	1.0
GO:0047938	F:glucose-6-phosphate 1-epimerase activity	{'GO:0000006': 0}	1.0
GO:0047952	F:glycerol-3-phosphate dehydrogenase [NAD(P)+] activity	{'GO:0000006': 0}	1.0
GO:0047954	F:glycerol-2-phosphatase activity	{'GO:0000006': 0}	1.0
GO:0047975	F:guanosine phosphorylase activity	{'GO:0000006': 0}	1.0
GO:0047995	F:hydroxyphenylpyruvate reductase activity	{'GO:0000006': 0}	1.0
GO:0048001	F:erythrose-4-phosphate dehydrogenase activity	{'GO:0000006': 0}	1.0
GO:0048027	F:mRNA 5'-UTR binding	{'GO:0000006': 0}	1.0
GO:0048029	F:monosaccharide binding	{'GO:0000006': 0}	1.0
GO:0048031	F:trisaccharide binding	{'GO:0000006': 0}	1.0
GO:0048034	P:heme O biosynthetic process	{'GO:0000006': 0}	1.0
GO:0048037	F:cofactor binding	{'GO:0000006': 0}	1.0
GO:0048038	F:quinone binding	{'GO:0000006': 0}	1.0
GO:0048039	F:ubiquinone binding	{'GO:0000006': 0}	1.0
GO:0048040	F:UDP-glucuronate decarboxylase activity	{'GO:0000006': 0}	1.0
GO:0048255	P:mRNA stabilization	{'GO:0000006': 0}	1.0
GO:0048473	P:D-methionine transport	{'GO:0000006': 0}	1.0
GO:0048474	F:D-methionine transmembrane transporter activity	{'GO:0000006': 0}	1.0
GO:0048476	C:Holliday junction resolvase complex	{'GO:0000006': 0}	1.0
GO:0048500	C:signal recognition particle	{'GO:0000006': 0}	1.0
GO:0048502	F:ATPase-coupled thiamine transmembrane transporter activity	{'GO:0000006': 0}	1.0
GO:0048870	P:cell motility	{'GO:0000006': 0}	1.0
GO:0050032	F:L-rhamnonate dehydratase activity	{'GO:0000006': 0}	1.0
GO:0050048	F:L-leucine:2-oxoglutarate aminotransferase activity	{'GO:0000006': 0}	1.0
GO:0050084	F:mannitol-1-phosphatase activity	{'GO:0000006': 0}	1.0
GO:0050089	F:mannose isomerase activity	{'GO:0000006': 0}	1.0
GO:0050131	F:N-methyl-L-amino-acid oxidase activity	{'GO:0000006': 0}	1.0
GO:0050136	F:NADH dehydrogenase (quinone) activity	{'GO:0000006': 0}	1.0
GO:0050140	F:nitrate reductase (cytochrome) activity	{'GO:0000006': 0}	1.0
GO:0050152	F:omega-amidase activity	{'GO:0000006': 0}	1.0
GO:0050163	F:oxaloacetate tautomerase activity	{'GO:0000006': 0}	1.0
GO:0050176	F:phenylalanine N-acetyltransferase activity	{'GO:0000006': 0}	1.0
GO:0050179	F:phenylserine aldolase activity	{'GO:0000006': 0}	1.0
GO:0050218	F:propionate-CoA ligase activity	{'GO:0000006': 0}	1.0
GO:0050225	F:pseudouridine kinase activity	{'GO:0000006': 0}	1.0
GO:0050236	F:pyridoxine:NADP 4-dehydrogenase activity	{'GO:0000006': 0}	1.0
GO:0050262	F:ribosylnicotinamide kinase activity	{'GO:0000006': 0}	1.0
GO:0050263	F:ribosylpyrimidine nucleosidase activity	{'GO:0000006': 0}	1.0
GO:0050270	F:S-adenosylhomocysteine deaminase activity	{'GO:0000006': 0}	1.0
GO:0050272	F:S-carboxymethylcysteine synthase activity	{'GO:0000006': 0}	1.0
GO:0050286	F:sorbitol-6-phosphatase activity	{'GO:0000006': 0}	1.0
GO:0050297	F:stizolobate synthase activity	{'GO:0000006': 0}	1.0
GO:0050308	F:sugar-phosphatase activity	{'GO:0000006': 0}	1.0
GO:0050311	F:sulfite reductase (ferredoxin) activity	{'GO:0000006': 0}	1.0
GO:0050355	F:triphosphatase activity	{'GO:0000006': 0}	1.0
GO:0050380	F:undecaprenyl-diphosphatase activity	{'GO:0000006': 0}	1.0
GO:0050385	F:ureidoglycolate lyase activity	{'GO:0000006': 0}	1.0
GO:0050401	F:xylonate dehydratase activity	{'GO:0000006': 0}	1.0
GO:0050418	F:hydroxylamine reductase activity	{'GO:0000006': 0}	1.0
GO:0050427	P:3'-phosphoadenosine 5'-phosphosulfate metabolic process	{'GO:0000006': 0}	1.0
GO:0050440	F:2-methylcitrate synthase activity	{'GO:0000006': 0}	1.0
GO:0050446	F:azobenzene reductase activity	{'GO:0000006': 0}	1.0
GO:0050483	F:IMP 5'-nucleotidase activity	{'GO:0000006': 0}	1.0
GO:0050484	F:GMP 5'-nucleotidase activity	{'GO:0000006': 0}	1.0
GO:0050498	F:oxidoreductase activity, acting on paired donors, with incorporation or reduction of molecular oxygen, with 2-oxoglutarate as one donor, and the other dehydrogenated	{'GO:0000006': 0}	1.0
GO:0050511	F:undecaprenyldiphospho-muramoylpentapeptide beta-N-acetylglucosaminyltransferase activity	{'GO:0000006': 0}	1.0
GO:0050515	F:4-(cytidine 5'-diphospho)-2-C-methyl-D-erythritol kinase activity	{'GO:0000006': 0}	1.0
GO:0050518	F:2-C-methyl-D-erythritol 4-phosphate cytidylyltransferase activity	{'GO:0000006': 0}	1.0
GO:0050519	F:holo-citrate lyase synthase activity	{'GO:0000006': 0}	1.0
GO:0050526	F:poly(3-hydroxybutyrate) depolymerase activity	{'GO:0000006': 0}	1.0
GO:0050531	F:mannosyl-3-phosphoglycerate phosphatase activity	{'GO:0000006': 0}	1.0
GO:0050568	F:protein-glutamine glutaminase activity	{'GO:0000006': 0}	1.0
GO:0050569	F:glycolaldehyde dehydrogenase activity	{'GO:0000006': 0}	1.0
GO:0050570	F:4-hydroxythreonine-4-phosphate dehydrogenase activity	{'GO:0000006': 0}	1.0
GO:0050572	F:L-idonate 5-dehydrogenase activity	{'GO:0000006': 0}	1.0
GO:0050577	F:GDP-L-fucose synthase activity	{'GO:0000006': 0}	1.0
GO:0050580	F:2,5-didehydrogluconate reductase activity	{'GO:0000006': 0}	1.0
GO:0050626	F:trimethylamine-N-oxide reductase (cytochrome c) activity	{'GO:0000006': 0}	1.0
GO:0050660	F:flavin adenine dinucleotide binding	{'GO:0000006': 0}	1.0
GO:0050661	F:NADP binding	{'GO:0000006': 0}	1.0
GO:0050662	F:coenzyme binding	{'GO:0000006': 0}	1.0
GO:0050667	P:homocysteine metabolic process	{'GO:0000006': 0}	1.0
GO:0050779	P:RNA destabilization	{'GO:0000006': 0}	1.0
GO:0050790	P:regulation of catalytic activity	{'GO:0000006': 0}	1.0
GO:0050821	P:protein stabilization	{'GO:0000006': 0}	1.0
GO:0050896	P:response to stimulus	{'GO:0000006': 0}	1.0
GO:0050897	F:cobalt ion binding	{'GO:0000006': 0}	1.0
GO:0050918	P:positive chemotaxis	{'GO:0000006': 0}	1.0
GO:0050919	P:negative chemotaxis	{'GO:0000006': 0}	1.0
GO:0050920	P:regulation of chemotaxis	{'GO:0000006': 0}	1.0
GO:0050992	P:dimethylallyl diphosphate biosynthetic process	{'GO:0000006': 0}	1.0
GO:0050997	F:quaternary ammonium group binding	{'GO:0000006': 0}	1.0
GO:0051065	F:CTP reductase activity	{'GO:0000006': 0}	1.0
GO:0051073	F:adenosylcobinamide-GDP ribazoletransferase activity	{'GO:0000006': 0}	1.0
GO:0051075	F:S-adenosylmethionine:tRNA ribosyltransferase-isomerase activity	{'GO:0000006': 0}	1.0
GO:0051082	F:unfolded protein binding	{'GO:0000006': 0}	1.0
GO:0051083	P:'de novo' cotranslational protein folding	{'GO:0000006': 0}	1.0
GO:0051085	P:chaperone cofactor-dependent protein refolding	{'GO:0000006': 0}	1.0
GO:0051087	F:chaperone binding	{'GO:0000006': 0}	1.0
GO:0051090	P:regulation of DNA-binding transcription factor activity	{'GO:0000006': 0}	1.0
GO:0051091	P:positive regulation of DNA-binding transcription factor activity	{'GO:0000006': 0}	1.0
GO:0051096	P:positive regulation of helicase activity	{'GO:0000006': 0}	1.0
GO:0051103	P:DNA ligation involved in DNA repair	{'GO:0000006': 0}	1.0
GO:0051108	F:carnitine-CoA ligase activity	{'GO:0000006': 0}	1.0
GO:0051109	F:crotonobetaine-CoA ligase activity	{'GO:0000006': 0}	1.0
GO:0051117	F:ATPase binding	{'GO:0000006': 0}	1.0
GO:0051131	P:chaperone-mediated protein complex assembly	{'GO:0000006': 0}	1.0
GO:0051143	P:propanediol metabolic process	{'GO:0000006': 0}	1.0
GO:0051156	P:glucose 6-phosphate metabolic process	{'GO:0000006': 0}	1.0
GO:0051171	P:regulation of nitrogen compound metabolic process	{'GO:0000006': 0}	1.0
GO:0051188	P:cofactor biosynthetic process	{'GO:0000006': 0}	1.0
GO:0051191	P:prosthetic group biosynthetic process	{'GO:0000006': 0}	1.0
GO:0051192	F:prosthetic group binding	{'GO:0000006': 0}	1.0
GO:0051205	P:protein insertion into membrane	{'GO:0000006': 0}	1.0
GO:0051213	F:dioxygenase activity	{'GO:0000006': 0}	1.0
GO:0051224	P:negative regulation of protein transport	{'GO:0000006': 0}	1.0
GO:0051252	P:regulation of RNA metabolic process	{'GO:0000006': 0}	1.0
GO:0051258	P:protein polymerization	{'GO:0000006': 0}	1.0
GO:0051259	P:protein complex oligomerization	{'GO:0000006': 0}	1.0
GO:0051260	P:protein homooligomerization	{'GO:0000006': 0}	1.0
GO:0051262	P:protein tetramerization	{'GO:0000006': 0}	1.0
GO:0051266	F:sirohydrochlorin ferrochelatase activity	{'GO:0000006': 0}	1.0
GO:0051271	P:negative regulation of cellular component movement	{'GO:0000006': 0}	1.0
GO:0051274	P:beta-glucan biosynthetic process	{'GO:0000006': 0}	1.0
GO:0051276	P:chromosome organization	{'GO:0000006': 0}	1.0
GO:0051286	C:cell tip	{'GO:0000006': 0}	1.0
GO:0051287	F:NAD binding	{'GO:0000006': 0}	1.0
GO:0051289	P:protein homotetramerization	{'GO:0000006': 0}	1.0
GO:0051301	P:cell division	{'GO:0000006': 0}	1.0
GO:0051302	P:regulation of cell division	{'GO:0000006': 0}	1.0
GO:0051304	P:chromosome separation	{'GO:0000006': 0}	1.0
GO:0051345	P:positive regulation of hydrolase activity	{'GO:0000006': 0}	1.0
GO:0051346	P:negative regulation of hydrolase activity	{'GO:0000006': 0}	1.0
GO:0051349	P:positive regulation of lyase activity	{'GO:0000006': 0}	1.0
GO:0051353	P:positive regulation of oxidoreductase activity	{'GO:0000006': 0}	1.0
GO:0051391	P:tRNA acetylation	{'GO:0000006': 0}	1.0
GO:0051392	F:tRNA N-acetyltransferase activity	{'GO:0000006': 0}	1.0
GO:0051409	P:response to nitrosative stress	{'GO:0000006': 0}	1.0
GO:0051410	P:detoxification of nitrogen compound	{'GO:0000006': 0}	1.0
GO:0051452	P:intracellular pH reduction	{'GO:0000006': 0}	1.0
GO:0051453	P:regulation of intracellular pH	{'GO:0000006': 0}	1.0
GO:0051454	P:intracellular pH elevation	{'GO:0000006': 0}	1.0
GO:0051476	P:mannosylglycerate transport	{'GO:0000006': 0}	1.0
GO:0051479	P:mannosylglycerate biosynthetic process	{'GO:0000006': 0}	1.0
GO:0051484	P:isopentenyl diphosphate biosynthetic process, methylerythritol 4-phosphate pathway involved in terpenoid biosynthetic process	{'GO:0000006': 0}	1.0
GO:0051494	P:negative regulation of cytoskeleton organization	{'GO:0000006': 0}	1.0
GO:0051495	P:positive regulation of cytoskeleton organization	{'GO:0000006': 0}	1.0
GO:0051499	F:D-aminoacyl-tRNA deacylase activity	{'GO:0000006': 0}	1.0
GO:0051500	F:D-tyrosyl-tRNA(Tyr) deacylase activity	{'GO:0000006': 0}	1.0
GO:0051518	P:positive regulation of bipolar cell growth	{'GO:0000006': 0}	1.0
GO:0051536	F:iron-sulfur cluster binding	{'GO:0000006': 0}	1.0
GO:0051537	F:2 iron, 2 sulfur cluster binding	{'GO:0000006': 0}	1.0
GO:0051538	F:3 iron, 4 sulfur cluster binding	{'GO:0000006': 0}	1.0
GO:0051539	F:4 iron, 4 sulfur cluster binding	{'GO:0000006': 0}	1.0
GO:0051540	F:metal cluster binding	{'GO:0000006': 0}	1.0
GO:0051575	F:5'-deoxyribose-5-phosphate lyase activity	{'GO:0000006': 0}	1.0
GO:0051595	P:response to methylglyoxal	{'GO:0000006': 0}	1.0
GO:0051596	P:methylglyoxal catabolic process	{'GO:0000006': 0}	1.0
GO:0051599	P:response to hydrostatic pressure	{'GO:0000006': 0}	1.0
GO:0051603	P:proteolysis involved in cellular protein catabolic process	{'GO:0000006': 0}	1.0
GO:0051604	P:protein maturation	{'GO:0000006': 0}	1.0
GO:0051607	P:defense response to virus	{'GO:0000006': 0}	1.0
GO:0051649	P:establishment of localization in cell	{'GO:0000006': 0}	1.0
GO:0051692	P:cellular oligosaccharide catabolic process	{'GO:0000006': 0}	1.0
GO:0051745	F:4-hydroxy-3-methylbut-2-en-1-yl diphosphate reductase activity	{'GO:0000006': 0}	1.0
GO:0051781	P:positive regulation of cell division	{'GO:0000006': 0}	1.0
GO:0051782	P:negative regulation of cell division	{'GO:0000006': 0}	1.0
GO:0051787	F:misfolded protein binding	{'GO:0000006': 0}	1.0
GO:0051864	F:histone demethylase activity (H3-K36 specific)	{'GO:0000006': 0}	1.0
GO:0051870	F:methotrexate binding	{'GO:0000006': 0}	1.0
GO:0051871	F:dihydrofolic acid binding	{'GO:0000006': 0}	1.0
GO:0051903	F:S-(hydroxymethyl)glutathione dehydrogenase activity	{'GO:0000006': 0}	1.0
GO:0051908	F:double-stranded DNA 5'-3' exodeoxyribonuclease activity	{'GO:0000006': 0}	1.0
GO:0051920	F:peroxiredoxin activity	{'GO:0000006': 0}	1.0
GO:0051978	F:lysophospholipid:sodium symporter activity	{'GO:0000006': 0}	1.0
GO:0051983	P:regulation of chromosome segregation	{'GO:0000006': 0}	1.0
GO:0051989	F:coproporphyrinogen dehydrogenase activity	{'GO:0000006': 0}	1.0
GO:0051991	F:UDP-N-acetyl-D-glucosamine:N-acetylmuramoyl-L-alanyl-D-glutamyl-meso-2,6-diaminopimelyl-D-alanyl-D-alanine-diphosphoundecaprenol 4-beta-N-acetylglucosaminlytransferase activity	{'GO:0000006': 0}	1.0
GO:0051992	F:UDP-N-acetylmuramoyl-L-alanyl-D-glutamyl-meso-2,6-diaminopimelyl-D-alanyl-D-alanine:undecaprenyl-phosphate transferase activity	{'GO:0000006': 0}	1.0
GO:0052131	P:positive aerotaxis	{'GO:0000006': 0}	1.0
GO:0052381	F:tRNA dimethylallyltransferase activity	{'GO:0000006': 0}	1.0
GO:0052547	P:regulation of peptidase activity	{'GO:0000006': 0}	1.0
GO:0052589	F:malate dehydrogenase (menaquinone) activity	{'GO:0000006': 0}	1.0
GO:0052590	F:sn-glycerol-3-phosphate:ubiquinone oxidoreductase activity	{'GO:0000006': 0}	1.0
GO:0052591	F:sn-glycerol-3-phosphate:ubiquinone-8 oxidoreductase activity	{'GO:0000006': 0}	1.0
GO:0052593	F:tryptamine:oxygen oxidoreductase (deaminating) activity	{'GO:0000006': 0}	1.0
GO:0052594	F:aminoacetone:oxygen oxidoreductase(deaminating) activity	{'GO:0000006': 0}	1.0
GO:0052595	F:aliphatic-amine oxidase activity	{'GO:0000006': 0}	1.0
GO:0052596	F:phenethylamine:oxygen oxidoreductase (deaminating) activity	{'GO:0000006': 0}	1.0
GO:0052614	F:uracil oxygenase activity	{'GO:0000006': 0}	1.0
GO:0052621	F:diguanylate cyclase activity	{'GO:0000006': 0}	1.0
GO:0052654	F:L-leucine transaminase activity	{'GO:0000006': 0}	1.0
GO:0052655	F:L-valine transaminase activity	{'GO:0000006': 0}	1.0
GO:0052656	F:L-isoleucine transaminase activity	{'GO:0000006': 0}	1.0
GO:0052657	F:guanine phosphoribosyltransferase activity	{'GO:0000006': 0}	1.0
GO:0052665	F:tRNA (uracil-2'-O-)-methyltransferase activity	{'GO:0000006': 0}	1.0
GO:0052666	F:tRNA (cytosine-2'-O-)-methyltransferase activity	{'GO:0000006': 0}	1.0
GO:0052673	F:prenol kinase activity	{'GO:0000006': 0}	1.0
GO:0052689	F:carboxylic ester hydrolase activity	{'GO:0000006': 0}	1.0
GO:0052692	F:raffinose alpha-galactosidase activity	{'GO:0000006': 0}	1.0
GO:0052693	F:epoxyqueuosine reductase activity	{'GO:0000006': 0}	1.0
GO:0052717	F:tRNA-specific adenosine-34 deaminase activity	{'GO:0000006': 0}	1.0
GO:0052718	C:tRNA-specific adenosine-34 deaminase complex	{'GO:0000006': 0}	1.0
GO:0052733	F:quinate 3-dehydrogenase (NADP+) activity	{'GO:0000006': 0}	1.0
GO:0052734	F:shikimate 3-dehydrogenase (NAD+) activity	{'GO:0000006': 0}	1.0
GO:0052737	F:pyruvate dehydrogenase (quinone) activity	{'GO:0000006': 0}	1.0
GO:0052739	F:phosphatidylserine 1-acylhydrolase activity	{'GO:0000006': 0}	1.0
GO:0052740	F:1-acyl-2-lysophosphatidylserine acylhydrolase activity	{'GO:0000006': 0}	1.0
GO:0052745	F:inositol phosphate phosphatase activity	{'GO:0000006': 0}	1.0
GO:0052751	F:GDP-mannose hydrolase activity	{'GO:0000006': 0}	1.0
GO:0052777	P:diacetylchitobiose catabolic process	{'GO:0000006': 0}	1.0
GO:0052778	P:diacetylchitobiose metabolic process	{'GO:0000006': 0}	1.0
GO:0052821	F:DNA-7-methyladenine glycosylase activity	{'GO:0000006': 0}	1.0
GO:0052822	F:DNA-3-methylguanine glycosylase activity	{'GO:0000006': 0}	1.0
GO:0052823	F:2-hydroxy-6-oxonona-2,4,7-trienedioate hydrolase activity	{'GO:0000006': 0}	1.0
GO:0052832	F:inositol monophosphate 3-phosphatase activity	{'GO:0000006': 0}	1.0
GO:0052833	F:inositol monophosphate 4-phosphatase activity	{'GO:0000006': 0}	1.0
GO:0052837	P:thiazole biosynthetic process	{'GO:0000006': 0}	1.0
GO:0052851	F:ferric-chelate reductase (NADPH) activity	{'GO:0000006': 0}	1.0
GO:0052855	F:ADP-dependent NAD(P)H-hydrate dehydratase activity	{'GO:0000006': 0}	1.0
GO:0052856	F:NADHX epimerase activity	{'GO:0000006': 0}	1.0
GO:0052857	F:NADPHX epimerase activity	{'GO:0000006': 0}	1.0
GO:0052858	F:peptidyl-lysine acetyltransferase activity	{'GO:0000006': 0}	1.0
GO:0052865	P:1-deoxy-D-xylulose 5-phosphate biosynthetic process	{'GO:0000006': 0}	1.0
GO:0052868	F:protein-lysine lysyltransferase activity	{'GO:0000006': 0}	1.0
GO:0052873	F:FMN reductase (NADPH) activity	{'GO:0000006': 0}	1.0
GO:0052875	F:riboflavin reductase (NADH) activity	{'GO:0000006': 0}	1.0
GO:0052890	F:oxidoreductase activity, acting on the CH-CH group of donors, with a flavin as acceptor	{'GO:0000006': 0}	1.0
GO:0052906	F:tRNA (guanine(37)-N(1))-methyltransferase activity	{'GO:0000006': 0}	1.0
GO:0052907	F:23S rRNA (adenine(1618)-N(6))-methyltransferase activity	{'GO:0000006': 0}	1.0
GO:0052908	F:16S rRNA (adenine(1518)-N(6)/adenine(1519)-N(6))-dimethyltransferase activity	{'GO:0000006': 0}	1.0
GO:0052911	F:23S rRNA (guanine(745)-N(1))-methyltransferase activity	{'GO:0000006': 0}	1.0
GO:0052913	F:16S rRNA (guanine(966)-N(2))-methyltransferase activity	{'GO:0000006': 0}	1.0
GO:0052914	F:16S rRNA (guanine(1207)-N(2))-methyltransferase activity	{'GO:0000006': 0}	1.0
GO:0052915	F:23S rRNA (guanine(2445)-N(2))-methyltransferase activity	{'GO:0000006': 0}	1.0
GO:0052916	F:23S rRNA (guanine(1835)-N(2))-methyltransferase activity	{'GO:0000006': 0}	1.0
GO:0052927	F:CTP:tRNA cytidylyltransferase activity	{'GO:0000006': 0}	1.0
GO:0052928	F:CTP:3'-cytidine-tRNA cytidylyltransferase activity	{'GO:0000006': 0}	1.0
GO:0052929	F:ATP:3'-cytidine-cytidine-tRNA adenylyltransferase activity	{'GO:0000006': 0}	1.0
GO:0055052	C:ATP-binding cassette (ABC) transporter complex, substrate-binding subunit-containing	{'GO:0000006': 0}	1.0
GO:0055070	P:copper ion homeostasis	{'GO:0000006': 0}	1.0
GO:0055072	P:iron ion homeostasis	{'GO:0000006': 0}	1.0
GO:0055085	P:transmembrane transport	{'GO:0000006': 0}	1.0
GO:0055086	P:nucleobase-containing small molecule metabolic process	{'GO:0000006': 0}	1.0
GO:0055114	P:oxidation-reduction process	{'GO:0000006': 0}	1.0
GO:0055129	P:L-proline biosynthetic process	{'GO:0000006': 0}	1.0
GO:0055130	P:D-alanine catabolic process	{'GO:0000006': 0}	1.0
GO:0060003	P:copper ion export	{'GO:0000006': 0}	1.0
GO:0060090	F:molecular adaptor activity	{'GO:0000006': 0}	1.0
GO:0060187	C:cell pole	{'GO:0000006': 0}	1.0
GO:0060241	F:lysozyme inhibitor activity	{'GO:0000006': 0}	1.0
GO:0060274	P:maintenance of stationary phase	{'GO:0000006': 0}	1.0
GO:0060326	P:cell chemotaxis	{'GO:0000006': 0}	1.0
GO:0060566	P:positive regulation of DNA-templated transcription, termination	{'GO:0000006': 0}	1.0
GO:0060567	P:negative regulation of DNA-templated transcription, termination	{'GO:0000006': 0}	1.0
GO:0060698	F:endoribonuclease inhibitor activity	{'GO:0000006': 0}	1.0
GO:0060699	P:regulation of endoribonuclease activity	{'GO:0000006': 0}	1.0
GO:0060702	P:negative regulation of endoribonuclease activity	{'GO:0000006': 0}	1.0
GO:0060733	P:regulation of eIF2 alpha phosphorylation by amino acid starvation	{'GO:0000006': 0}	1.0
GO:0061077	P:chaperone-mediated protein folding	{'GO:0000006': 0}	1.0
GO:0061133	F:endopeptidase activator activity	{'GO:0000006': 0}	1.0
GO:0061463	F:O-acetyl-ADP-ribose deacetylase activity	{'GO:0000006': 0}	1.0
GO:0061473	F:murein tripeptide carboxypeptidase activity	{'GO:0000006': 0}	1.0
GO:0061475	P:cytosolic valyl-tRNA aminoacylation	{'GO:0000006': 0}	1.0
GO:0061503	F:tRNA threonylcarbamoyladenosine dehydratase	{'GO:0000006': 0}	1.0
GO:0061504	P:cyclic threonylcarbamoyladenosine biosynthetic process	{'GO:0000006': 0}	1.0
GO:0061522	F:1,4-dihydroxy-2-naphthoyl-CoA thioesterase activity	{'GO:0000006': 0}	1.0
GO:0061593	F:sulfoquinovose isomerase activity	{'GO:0000006': 0}	1.0
GO:0061594	F:6-deoxy-6-sulfofructose kinase activity	{'GO:0000006': 0}	1.0
GO:0061595	F:6-deoxy-6-sulfofructose-1-phosphate aldolase activity	{'GO:0000006': 0}	1.0
GO:0061596	F:3-sulfolactaldehyde reductase activity	{'GO:0000006': 0}	1.0
GO:0061598	F:molybdopterin adenylyltransferase activity	{'GO:0000006': 0}	1.0
GO:0061599	F:molybdopterin molybdotransferase activity	{'GO:0000006': 0}	1.0
GO:0061602	F:molybdenum cofactor cytidylyltransferase activity	{'GO:0000006': 0}	1.0
GO:0061603	F:molybdenum cofactor guanylyltransferase activity	{'GO:0000006': 0}	1.0
GO:0061605	F:molybdopterin-synthase adenylyltransferase activity	{'GO:0000006': 0}	1.0
GO:0061610	P:glycerol to glycerone phosphate metabolic process	{'GO:0000006': 0}	1.0
GO:0061621	P:canonical glycolysis	{'GO:0000006': 0}	1.0
GO:0061634	F:alpha-D-xyloside xylohydrolase	{'GO:0000006': 0}	1.0
GO:0061677	F:2-dehydro-3-deoxy-D-gluconate aldolase activity	{'GO:0000006': 0}	1.0
GO:0061693	F:alpha-D-ribose 1-methylphosphonate 5-triphosphate synthase activity	{'GO:0000006': 0}	1.0
GO:0061694	C:alpha-D-ribose 1-methylphosphonate 5-triphosphate synthase complex	{'GO:0000006': 0}	1.0
GO:0061697	F:protein-glutaryllysine deglutarylase activity	{'GO:0000006': 0}	1.0
GO:0061698	P:protein deglutarylation	{'GO:0000006': 0}	1.0
GO:0061710	F:L-threonylcarbamoyladenylate synthase	{'GO:0000006': 0}	1.0
GO:0061711	F:N(6)-L-threonylcarbamoyladenine synthase activity	{'GO:0000006': 0}	1.0
GO:0061720	P:6-sulfoquinovose(1-) catabolic process to glycerone phosphate and 3-sulfolactaldehyde	{'GO:0000006': 0}	1.0
GO:0061733	F:peptide-lysine-N-acetyltransferase activity	{'GO:0000006': 0}	1.0
GO:0061798	F:GTP 3',8'-cyclase activity	{'GO:0000006': 0}	1.0
GO:0061799	F:cyclic pyranopterin monophosphate synthase activity	{'GO:0000006': 0}	1.0
GO:0061818	P:tRNA folding	{'GO:0000006': 0}	1.0
GO:0061928	F:glutathione specific gamma-glutamylcyclotransferase activity	{'GO:0000006': 0}	1.0
GO:0061929	F:gamma-glutamylaminecyclotransferase activity	{'GO:0000006': 0}	1.0
GO:0062192	F:L-rhamnose mutarotase activity	{'GO:0000006': 0}	1.0
GO:0062193	F:D-ribose pyranase activity	{'GO:0000006': 0}	1.0
GO:0065002	P:intracellular protein transmembrane transport	{'GO:0000006': 0}	1.0
GO:0065003	P:protein-containing complex assembly	{'GO:0000006': 0}	1.0
GO:0070006	F:metalloaminopeptidase activity	{'GO:0000006': 0}	1.0
GO:0070008	F:serine-type exopeptidase activity	{'GO:0000006': 0}	1.0
GO:0070011	F:peptidase activity, acting on L-amino acid peptides	{'GO:0000006': 0}	1.0
GO:0070012	F:oligopeptidase activity	{'GO:0000006': 0}	1.0
GO:0070025	F:carbon monoxide binding	{'GO:0000006': 0}	1.0
GO:0070026	F:nitric oxide binding	{'GO:0000006': 0}	1.0
GO:0070038	F:rRNA (pseudouridine-N3-)-methyltransferase activity	{'GO:0000006': 0}	1.0
GO:0070039	F:rRNA (guanosine-2'-O-)-methyltransferase activity	{'GO:0000006': 0}	1.0
GO:0070040	F:rRNA (adenine-C2-)-methyltransferase activity	{'GO:0000006': 0}	1.0
GO:0070041	F:rRNA (uridine-C5-)-methyltransferase activity	{'GO:0000006': 0}	1.0
GO:0070042	F:rRNA (uridine-N3-)-methyltransferase activity	{'GO:0000006': 0}	1.0
GO:0070043	F:rRNA (guanine-N7-)-methyltransferase activity	{'GO:0000006': 0}	1.0
GO:0070063	F:RNA polymerase binding	{'GO:0000006': 0}	1.0
GO:0070069	C:cytochrome complex	{'GO:0000006': 0}	1.0
GO:0070084	P:protein initiator methionine removal	{'GO:0000006': 0}	1.0
GO:0070095	F:fructose-6-phosphate binding	{'GO:0000006': 0}	1.0
GO:0070178	P:D-serine metabolic process	{'GO:0000006': 0}	1.0
GO:0070180	F:large ribosomal subunit rRNA binding	{'GO:0000006': 0}	1.0
GO:0070181	F:small ribosomal subunit rRNA binding	{'GO:0000006': 0}	1.0
GO:0070191	F:methionine-R-sulfoxide reductase activity	{'GO:0000006': 0}	1.0
GO:0070204	F:2-succinyl-5-enolpyruvyl-6-hydroxy-3-cyclohexene-1-carboxylic-acid synthase activity	{'GO:0000006': 0}	1.0
GO:0070205	F:2-succinyl-6-hydroxy-2,4-cyclohexadiene-1-carboxylate synthase activity	{'GO:0000006': 0}	1.0
GO:0070206	P:protein trimerization	{'GO:0000006': 0}	1.0
GO:0070207	P:protein homotrimerization	{'GO:0000006': 0}	1.0
GO:0070262	P:peptidyl-serine dephosphorylation	{'GO:0000006': 0}	1.0
GO:0070297	P:regulation of phosphorelay signal transduction system	{'GO:0000006': 0}	1.0
GO:0070298	P:negative regulation of phosphorelay signal transduction system	{'GO:0000006': 0}	1.0
GO:0070299	P:positive regulation of phosphorelay signal transduction system	{'GO:0000006': 0}	1.0
GO:0070301	P:cellular response to hydrogen peroxide	{'GO:0000006': 0}	1.0
GO:0070329	P:tRNA seleno-modification	{'GO:0000006': 0}	1.0
GO:0070335	F:aspartate binding	{'GO:0000006': 0}	1.0
GO:0070401	F:NADP+ binding	{'GO:0000006': 0}	1.0
GO:0070402	F:NADPH binding	{'GO:0000006': 0}	1.0
GO:0070403	F:NAD+ binding	{'GO:0000006': 0}	1.0
GO:0070404	F:NADH binding	{'GO:0000006': 0}	1.0
GO:0070415	P:trehalose metabolism in response to cold stress	{'GO:0000006': 0}	1.0
GO:0070417	P:cellular response to cold	{'GO:0000006': 0}	1.0
GO:0070453	P:regulation of heme biosynthetic process	{'GO:0000006': 0}	1.0
GO:0070469	C:respirasome	{'GO:0000006': 0}	1.0
GO:0070475	P:rRNA base methylation	{'GO:0000006': 0}	1.0
GO:0070476	P:rRNA (guanine-N7)-methylation	{'GO:0000006': 0}	1.0
GO:0070482	P:response to oxygen levels	{'GO:0000006': 0}	1.0
GO:0070491	F:repressing transcription factor binding	{'GO:0000006': 0}	1.0
GO:0070497	F:6-carboxy-5,6,7,8-tetrahydropterin synthase activity	{'GO:0000006': 0}	1.0
GO:0070538	F:oleic acid binding	{'GO:0000006': 0}	1.0
GO:0070573	F:metallodipeptidase activity	{'GO:0000006': 0}	1.0
GO:0070574	P:cadmium ion transmembrane transport	{'GO:0000006': 0}	1.0
GO:0070581	P:rolling circle DNA replication	{'GO:0000006': 0}	1.0
GO:0070588	P:calcium ion transmembrane transport	{'GO:0000006': 0}	1.0
GO:0070626	F:(S)-2-(5-amino-1-(5-phospho-D-ribosyl)imidazole-4-carboxamido)succinate AMP-lyase (fumarate-forming) activity	{'GO:0000006': 0}	1.0
GO:0070677	F:rRNA (cytosine-2'-O-)-methyltransferase activity	{'GO:0000006': 0}	1.0
GO:0070678	F:preprotein binding	{'GO:0000006': 0}	1.0
GO:0070689	P:L-threonine catabolic process to propionate	{'GO:0000006': 0}	1.0
GO:0070728	F:leucine binding	{'GO:0000006': 0}	1.0
GO:0070733	F:protein adenylyltransferase activity	{'GO:0000006': 0}	1.0
GO:0070778	P:L-aspartate transmembrane transport	{'GO:0000006': 0}	1.0
GO:0070814	P:hydrogen sulfide biosynthetic process	{'GO:0000006': 0}	1.0
GO:0070819	F:menaquinone-dependent protoporphyrinogen oxidase activity	{'GO:0000006': 0}	1.0
GO:0070894	P:regulation of transposon integration	{'GO:0000006': 0}	1.0
GO:0070905	F:serine binding	{'GO:0000006': 0}	1.0
GO:0070929	P:trans-translation	{'GO:0000006': 0}	1.0
GO:0070930	P:trans-translation-dependent protein tagging	{'GO:0000006': 0}	1.0
GO:0070968	F:pyrroloquinoline quinone binding	{'GO:0000006': 0}	1.0
GO:0070981	P:L-asparagine biosynthetic process	{'GO:0000006': 0}	1.0
GO:0070989	P:oxidative demethylation	{'GO:0000006': 0}	1.0
GO:0071111	F:cyclic-guanylate-specific phosphodiesterase activity	{'GO:0000006': 0}	1.0
GO:0071139	P:resolution of recombination intermediates	{'GO:0000006': 0}	1.0
GO:0071172	F:dihydromonapterin reductase activity	{'GO:0000006': 0}	1.0
GO:0071218	P:cellular response to misfolded protein	{'GO:0000006': 0}	1.0
GO:0071230	P:cellular response to amino acid stimulus	{'GO:0000006': 0}	1.0
GO:0071236	P:cellular response to antibiotic	{'GO:0000006': 0}	1.0
GO:0071237	P:cellular response to bacteriocin	{'GO:0000006': 0}	1.0
GO:0071243	P:cellular response to arsenic-containing substance	{'GO:0000006': 0}	1.0
GO:0071248	P:cellular response to metal ion	{'GO:0000006': 0}	1.0
GO:0071249	P:cellular response to nitrate	{'GO:0000006': 0}	1.0
GO:0071250	P:cellular response to nitrite	{'GO:0000006': 0}	1.0
GO:0071264	P:positive regulation of translational initiation in response to starvation	{'GO:0000006': 0}	1.0
GO:0071266	P:'de novo' L-methionine biosynthetic process	{'GO:0000006': 0}	1.0
GO:0071271	P:1-butanol biosynthetic process	{'GO:0000006': 0}	1.0
GO:0071276	P:cellular response to cadmium ion	{'GO:0000006': 0}	1.0
GO:0071278	P:cellular response to cesium ion	{'GO:0000006': 0}	1.0
GO:0071280	P:cellular response to copper ion	{'GO:0000006': 0}	1.0
GO:0071281	P:cellular response to iron ion	{'GO:0000006': 0}	1.0
GO:0071284	P:cellular response to lead ion	{'GO:0000006': 0}	1.0
GO:0071286	P:cellular response to magnesium ion	{'GO:0000006': 0}	1.0
GO:0071287	P:cellular response to manganese ion	{'GO:0000006': 0}	1.0
GO:0071288	P:cellular response to mercury ion	{'GO:0000006': 0}	1.0
GO:0071289	P:cellular response to nickel ion	{'GO:0000006': 0}	1.0
GO:0071291	P:cellular response to selenium ion	{'GO:0000006': 0}	1.0
GO:0071292	P:cellular response to silver ion	{'GO:0000006': 0}	1.0
GO:0071294	P:cellular response to zinc ion	{'GO:0000006': 0}	1.0
GO:0071310	P:cellular response to organic substance	{'GO:0000006': 0}	1.0
GO:0071421	P:manganese ion transmembrane transport	{'GO:0000006': 0}	1.0
GO:0071422	P:succinate transmembrane transport	{'GO:0000006': 0}	1.0
GO:0071424	F:rRNA (cytosine-N4-)-methyltransferase activity	{'GO:0000006': 0}	1.0
GO:0071454	P:cellular response to anoxia	{'GO:0000006': 0}	1.0
GO:0071456	P:cellular response to hypoxia	{'GO:0000006': 0}	1.0
GO:0071467	P:cellular response to pH	{'GO:0000006': 0}	1.0
GO:0071468	P:cellular response to acidic pH	{'GO:0000006': 0}	1.0
GO:0071470	P:cellular response to osmotic stress	{'GO:0000006': 0}	1.0
GO:0071472	P:cellular response to salt stress	{'GO:0000006': 0}	1.0
GO:0071474	P:cellular hyperosmotic response	{'GO:0000006': 0}	1.0
GO:0071475	P:cellular hyperosmotic salinity response	{'GO:0000006': 0}	1.0
GO:0071476	P:cellular hypotonic response	{'GO:0000006': 0}	1.0
GO:0071500	P:cellular response to nitrosative stress	{'GO:0000006': 0}	1.0
GO:0071502	P:cellular response to temperature stimulus	{'GO:0000006': 0}	1.0
GO:0071518	F:autoinducer-2 kinase activity	{'GO:0000006': 0}	1.0
GO:0071522	F:ureidoglycine aminohydrolase activity	{'GO:0000006': 0}	1.0
GO:0071555	P:cell wall organization	{'GO:0000006': 0}	1.0
GO:0071575	C:integral component of external side of plasma membrane	{'GO:0000006': 0}	1.0
GO:0071577	P:zinc ion transmembrane transport	{'GO:0000006': 0}	1.0
GO:0071578	P:zinc ion import across plasma membrane	{'GO:0000006': 0}	1.0
GO:0071667	F:DNA/RNA hybrid binding	{'GO:0000006': 0}	1.0
GO:0071702	P:organic substance transport	{'GO:0000006': 0}	1.0
GO:0071705	P:nitrogen compound transport	{'GO:0000006': 0}	1.0
GO:0071713	F:para-aminobenzoyl-glutamate hydrolase activity	{'GO:0000006': 0}	1.0
GO:0071723	F:lipopeptide binding	{'GO:0000006': 0}	1.0
GO:0071731	P:response to nitric oxide	{'GO:0000006': 0}	1.0
GO:0071732	P:cellular response to nitric oxide	{'GO:0000006': 0}	1.0
GO:0071805	P:potassium ion transmembrane transport	{'GO:0000006': 0}	1.0
GO:0071806	P:protein transmembrane transport	{'GO:0000006': 0}	1.0
GO:0071807	P:replication fork arrest involved in DNA replication termination	{'GO:0000006': 0}	1.0
GO:0071871	P:response to epinephrine	{'GO:0000006': 0}	1.0
GO:0071890	F:bicarbonate binding	{'GO:0000006': 0}	1.0
GO:0071897	P:DNA biosynthetic process	{'GO:0000006': 0}	1.0
GO:0071915	P:protein-lysine lysylation	{'GO:0000006': 0}	1.0
GO:0071916	F:dipeptide transmembrane transporter activity	{'GO:0000006': 0}	1.0
GO:0071934	P:thiamine transmembrane transport	{'GO:0000006': 0}	1.0
GO:0071945	P:regulation of bacterial-type flagellum-dependent cell motility by regulation of motor speed	{'GO:0000006': 0}	1.0
GO:0071949	F:FAD binding	{'GO:0000006': 0}	1.0
GO:0071951	P:conversion of methionyl-tRNA to N-formyl-methionyl-tRNA	{'GO:0000006': 0}	1.0
GO:0071963	P:establishment or maintenance of cell polarity regulating cell shape	{'GO:0000006': 0}	1.0
GO:0071967	F:lipopolysaccharide core heptosyltransferase activity	{'GO:0000006': 0}	1.0
GO:0071972	F:peptidoglycan L,D-transpeptidase activity	{'GO:0000006': 0}	1.0
GO:0071973	P:bacterial-type flagellum-dependent cell motility	{'GO:0000006': 0}	1.0
GO:0071978	P:bacterial-type flagellum-dependent swarming motility	{'GO:0000006': 0}	1.0
GO:0072321	P:chaperone-mediated protein transport	{'GO:0000006': 0}	1.0
GO:0072323	P:chaperone-mediated protein transport across periplasmic space	{'GO:0000006': 0}	1.0
GO:0072344	P:rescue of stalled ribosome	{'GO:0000006': 0}	1.0
GO:0072348	P:sulfur compound transport	{'GO:0000006': 0}	1.0
GO:0072531	P:pyrimidine-containing compound transmembrane transport	{'GO:0000006': 0}	1.0
GO:0072581	P:protein-N6-(L-lysyl)-L-lysine modification to protein-N6-(beta-lysyl)-L-lysine	{'GO:0000006': 0}	1.0
GO:0072714	P:response to selenite ion	{'GO:0000006': 0}	1.0
GO:0072747	P:cellular response to chloramphenicol	{'GO:0000006': 0}	1.0
GO:0072756	P:cellular response to paraquat	{'GO:0000006': 0}	1.0
GO:0075713	P:establishment of integrated proviral latency	{'GO:0000006': 0}	1.0
GO:0080030	F:methyl indole-3-acetate esterase activity	{'GO:0000006': 0}	1.0
GO:0080111	P:DNA demethylation	{'GO:0000006': 0}	1.0
GO:0080130	F:L-phenylalanine:2-oxoglutarate aminotransferase activity	{'GO:0000006': 0}	1.0
GO:0080146	F:L-cysteine desulfhydrase activity	{'GO:0000006': 0}	1.0
GO:0080176	F:xyloglucan 1,6-alpha-xylosidase activity	{'GO:0000006': 0}	1.0
GO:0089702	F:undecaprenyl-phosphate glucose phosphotransferase activity	{'GO:0000006': 0}	1.0
GO:0089705	P:protein localization to outer membrane	{'GO:0000006': 0}	1.0
GO:0089709	P:L-histidine transmembrane transport	{'GO:0000006': 0}	1.0
GO:0089714	F:UDP-N-acetyl-D-mannosamine dehydrogenase activity	{'GO:0000006': 0}	1.0
GO:0089715	F:tRNA m6t6A37 methyltransferase activity	{'GO:0000006': 0}	1.0
GO:0090070	P:positive regulation of ribosome biogenesis	{'GO:0000006': 0}	1.0
GO:0090071	P:negative regulation of ribosome biogenesis	{'GO:0000006': 0}	1.0
GO:0090116	P:C-5 methylation of cytosine	{'GO:0000006': 0}	1.0
GO:0090143	P:nucleoid organization	{'GO:0000006': 0}	1.0
GO:0090305	P:nucleic acid phosphodiester bond hydrolysis	{'GO:0000006': 0}	1.0
GO:0090313	P:regulation of protein targeting to membrane	{'GO:0000006': 0}	1.0
GO:0090347	P:regulation of cellular organohalogen metabolic process	{'GO:0000006': 0}	1.0
GO:0090352	P:regulation of nitrate assimilation	{'GO:0000006': 0}	1.0
GO:0090357	P:regulation of tryptophan metabolic process	{'GO:0000006': 0}	1.0
GO:0090358	P:positive regulation of tryptophan metabolic process	{'GO:0000006': 0}	1.0
GO:0090483	F:phosphatidylglycerol-phosphatidylethanolamine phosphatidyltransferase activity	{'GO:0000006': 0}	1.0
GO:0090499	F:pimelyl-[acyl-carrier protein] methyl ester esterase activity	{'GO:0000006': 0}	1.0
GO:0090501	P:RNA phosphodiester bond hydrolysis	{'GO:0000006': 0}	1.0
GO:0090502	P:RNA phosphodiester bond hydrolysis, endonucleolytic	{'GO:0000006': 0}	1.0
GO:0090540	P:bacterial cellulose biosynthetic process	{'GO:0000006': 0}	1.0
GO:0090549	P:response to carbon starvation	{'GO:0000006': 0}	1.0
GO:0090563	F:protein-phosphocysteine-sugar phosphotransferase activity	{'GO:0000006': 0}	1.0
GO:0090564	F:protein-phosphocysteine-glucose phosphotransferase system transporter activity	{'GO:0000006': 0}	1.0
GO:0090565	F:protein-phosphocysteine-mannitol phosphotransferase system transporter activity	{'GO:0000006': 0}	1.0
GO:0090566	F:protein-phosphocysteine-N,N'-diacetylchitobiose phosphotransferase system transporter activity	{'GO:0000006': 0}	1.0
GO:0090581	F:protein-phosphocysteine-mannosylglycerate-phosphotransferase system transporter activity	{'GO:0000006': 0}	1.0
GO:0090582	F:protein-phosphocysteine-D-fructose-phosphotransferase system transporter activity	{'GO:0000006': 0}	1.0
GO:0090584	F:protein-phosphocysteine-galactitol-phosphotransferase system transporter activity	{'GO:0000006': 0}	1.0
GO:0090585	F:protein-phosphocysteine-L-ascorbate-phosphotransferase system transporter activity	{'GO:0000006': 0}	1.0
GO:0090586	F:protein-phosphocysteine-N-acetylglucosamine phosphotransferase system transporter activity	{'GO:0000006': 0}	1.0
GO:0090587	F:protein-phosphocysteine-glucosamine phosphotransferase system transporter activity	{'GO:0000006': 0}	1.0
GO:0090588	F:protein-phosphocysteine-N-acetylmuramate phosphotransferase system transporter activity	{'GO:0000006': 0}	1.0
GO:0090589	F:protein-phosphocysteine-trehalose phosphotransferase system transporter activity	{'GO:0000006': 0}	1.0
GO:0090609	P:single-species submerged biofilm formation	{'GO:0000006': 0}	1.0
GO:0090729	F:toxin activity	{'GO:0000006': 0}	1.0
GO:0097023	F:fructose 6-phosphate aldolase activity	{'GO:0000006': 0}	1.0
GO:0097047	C:DNA replication termination region	{'GO:0000006': 0}	1.0
GO:0097054	P:L-glutamate biosynthetic process	{'GO:0000006': 0}	1.0
GO:0097056	P:selenocysteinyl-tRNA(Sec) biosynthetic process	{'GO:0000006': 0}	1.0
GO:0097098	F:DNA/RNA hybrid annealing activity	{'GO:0000006': 0}	1.0
GO:0097163	F:sulfur carrier activity	{'GO:0000006': 0}	1.0
GO:0097171	P:ADP-L-glycero-beta-D-manno-heptose biosynthetic process	{'GO:0000006': 0}	1.0
GO:0097173	P:N-acetylmuramic acid catabolic process	{'GO:0000006': 0}	1.0
GO:0097175	P:1,6-anhydro-N-acetyl-beta-muramic acid catabolic process	{'GO:0000006': 0}	1.0
GO:0097216	F:guanosine tetraphosphate binding	{'GO:0000006': 0}	1.0
GO:0097264	P:self proteolysis	{'GO:0000006': 0}	1.0
GO:0097266	F:phenylacetyl-CoA 1,2-epoxidase activity	{'GO:0000006': 0}	1.0
GO:0097304	P:lipoprotein biosynthetic process via signal peptide cleavage	{'GO:0000006': 0}	1.0
GO:0097347	C:TAM protein secretion complex	{'GO:0000006': 0}	1.0
GO:0097351	F:toxin-antitoxin pair type II binding	{'GO:0000006': 0}	1.0
GO:0097367	F:carbohydrate derivative binding	{'GO:0000006': 0}	1.0
GO:0097428	P:protein maturation by iron-sulfur cluster transfer	{'GO:0000006': 0}	1.0
GO:0097501	P:stress response to metal ion	{'GO:0000006': 0}	1.0
GO:0097510	P:base-excision repair, AP site formation via deaminated base removal	{'GO:0000006': 0}	1.0
GO:0097533	P:cellular stress response to acid chemical	{'GO:0000006': 0}	1.0
GO:0097573	F:glutathione oxidoreductase activity	{'GO:0000006': 0}	1.0
GO:0097588	P:archaeal or bacterial-type flagellum-dependent cell motility	{'GO:0000006': 0}	1.0
GO:0097623	P:potassium ion export across plasma membrane	{'GO:0000006': 0}	1.0
GO:0097638	P:L-arginine import across plasma membrane	{'GO:0000006': 0}	1.0
GO:0097697	F:tRNA 5-carboxymethoxyuridine methyltransferase activity	{'GO:0000006': 0}	1.0
GO:0097718	F:disordered domain specific binding	{'GO:0000006': 0}	1.0
GO:0098002	P:receptor-mediated bacteriophage irreversible attachment to host cell	{'GO:0000006': 0}	1.0
GO:0098531	F:ligand-activated transcription factor activity	{'GO:0000006': 0}	1.0
GO:0098561	C:methyl accepting chemotaxis protein complex	{'GO:0000006': 0}	1.0
GO:0098655	P:cation transmembrane transport	{'GO:0000006': 0}	1.0
GO:0098708	P:glucose import across plasma membrane	{'GO:0000006': 0}	1.0
GO:0098710	P:guanine import across plasma membrane	{'GO:0000006': 0}	1.0
GO:0098711	P:iron ion import across plasma membrane	{'GO:0000006': 0}	1.0
GO:0098713	P:leucine import across plasma membrane	{'GO:0000006': 0}	1.0
GO:0098719	P:sodium ion import across plasma membrane	{'GO:0000006': 0}	1.0
GO:0098721	P:uracil import across plasma membrane	{'GO:0000006': 0}	1.0
GO:0098732	P:macromolecule deacylation	{'GO:0000006': 0}	1.0
GO:0098795	P:mRNA cleavage involved in gene silencing	{'GO:0000006': 0}	1.0
GO:0098796	C:membrane protein complex	{'GO:0000006': 0}	1.0
GO:0098797	C:plasma membrane protein complex	{'GO:0000006': 0}	1.0
GO:0098848	F:alpha-D-ribose 1-methylphosphonate 5-phosphate C-P-lyase activity	{'GO:0000006': 0}	1.0
GO:0099119	F:3-demethylubiquinol-8 3-O-methyltransferase activity	{'GO:0000006': 0}	1.0
GO:0099513	C:polymeric cytoskeletal fiber	{'GO:0000006': 0}	1.0
GO:0099618	F:UDP-glucuronic acid dehydrogenase activity	{'GO:0000006': 0}	1.0
GO:0099619	F:UDP-4-amino-4-deoxy-L-arabinose formyltransferase activity	{'GO:0000006': 0}	1.0
GO:0099620	F:UDP-4-amino-4-deoxy-L-arabinose aminotransferase	{'GO:0000006': 0}	1.0
GO:0099621	F:undecaprenyl-phosphate 4-deoxy-4-formamido-L-arabinose transferase activity	{'GO:0000006': 0}	1.0
GO:0101006	F:protein histidine phosphatase activity	{'GO:0000006': 0}	1.0
GO:0101030	P:tRNA-guanine transglycosylation	{'GO:0000006': 0}	1.0
GO:0102008	F:cytosolic dipeptidase activity	{'GO:0000006': 0}	1.0
GO:0102009	F:proline dipeptidase activity	{'GO:0000006': 0}	1.0
GO:0102025	F:ATPase-coupled thiosulfate transmembrane transporter activity	{'GO:0000006': 0}	1.0
GO:0102027	F:S-adenosylmethionine:2-demethylquinol-8 methyltransferase activity	{'GO:0000006': 0}	1.0
GO:0102031	F:4-acetamido-4,6-dideoxy-D-galactose transferase activity	{'GO:0000006': 0}	1.0
GO:0102040	F:fumarate reductase (menaquinone)	{'GO:0000006': 0}	1.0
GO:0102094	F:S-adenosylmethionine:2-demethylmenaquinol methyltransferase activity	{'GO:0000006': 0}	1.0
GO:0102130	F:malonyl-CoA methyltransferase activity	{'GO:0000006': 0}	1.0
GO:0102131	F:3-oxo-glutaryl-[acp] methyl ester reductase activity	{'GO:0000006': 0}	1.0
GO:0102132	F:3-oxo-pimeloyl-[acp] methyl ester reductase activity	{'GO:0000006': 0}	1.0
GO:0102148	F:N-acetyl-beta-D-galactosaminidase activity	{'GO:0000006': 0}	1.0
GO:0102250	F:linear malto-oligosaccharide phosphorylase activity	{'GO:0000006': 0}	1.0
GO:0102264	F:tRNA-dihydrouridine20 synthase activity	{'GO:0000006': 0}	1.0
GO:0102391	F:decanoate-CoA ligase activity	{'GO:0000006': 0}	1.0
GO:0102420	F:sn-1-glycerol-3-phosphate C16:0-DCA-CoA acyl transferase activity	{'GO:0000006': 0}	1.0
GO:0102480	F:5-fluorocytosine deaminase activity	{'GO:0000006': 0}	1.0
GO:0102483	F:scopolin beta-glucosidase activity	{'GO:0000006': 0}	1.0
GO:0102499	F:SHG alpha-glucan phosphorylase activity	{'GO:0000006': 0}	1.0
GO:0102500	F:beta-maltose 4-alpha-glucanotransferase activity	{'GO:0000006': 0}	1.0
GO:0102545	F:phosphatidyl phospholipase B activity	{'GO:0000006': 0}	1.0
GO:0102552	F:lipoyl synthase activity (acting on glycine-cleavage complex H protein	{'GO:0000006': 0}	1.0
GO:0102553	F:lipoyl synthase activity (acting on pyruvate dehydrogenase E2 protein)	{'GO:0000006': 0}	1.0
GO:0102555	F:octanoyl transferase activity (acting on glycine-cleavage complex H protein)	{'GO:0000006': 0}	1.0
GO:0102559	F:protein-(glutamine-N5) methyltransferase activity	{'GO:0000006': 0}	1.0
GO:0102567	F:phospholipase A2 activity (consuming 1,2-dipalmitoylphosphatidylcholine)	{'GO:0000006': 0}	1.0
GO:0102568	F:phospholipase A2 activity consuming 1,2-dioleoylphosphatidylethanolamine)	{'GO:0000006': 0}	1.0
GO:0102742	F:R(+)-3,4-dihydroxyphenyllactate:NADP+ oxidoreductase activity	{'GO:0000006': 0}	1.0
GO:0102752	F:1,4-alpha-glucan branching enzyme activity (using a glucosylated glycogenin as primer for glycogen synthesis)	{'GO:0000006': 0}	1.0
GO:0102810	F:glutarate-semialdehyde dehydrogenase (NADP+) activity	{'GO:0000006': 0}	1.0
GO:0102953	F:hypoglycin A gamma-glutamyl transpeptidase activity	{'GO:0000006': 0}	1.0
GO:0102955	F:S-adenosylmethionine:2-demethylmenaquinol-7 methyltransferase activity	{'GO:0000006': 0}	1.0
GO:0102991	F:myristoyl-CoA hydrolase activity	{'GO:0000006': 0}	1.0
GO:0103015	F:4-amino-4-deoxy-L-arabinose transferase activity	{'GO:0000006': 0}	1.0
GO:0103025	F:alpha-amylase activity (releasing maltohexaose)	{'GO:0000006': 0}	1.0
GO:0103039	F:protein methylthiotransferase activity	{'GO:0000006': 0}	1.0
GO:0103043	F:5-phospho-alpha-D-ribosyl 1,2-cyclic phosphate phosphodiesterase activity	{'GO:0000006': 0}	1.0
GO:0103045	F:methione N-acyltransferase activity	{'GO:0000006': 0}	1.0
GO:0103046	F:alanylglutamate dipeptidase activity	{'GO:0000006': 0}	1.0
GO:0103047	F:methyl beta-D-glucoside 6-phosphate glucohydrolase activity	{'GO:0000006': 0}	1.0
GO:0103053	F:1-ethyladenine demethylase activity	{'GO:0000006': 0}	1.0
GO:0103068	F:leukotriene C4 gamma-glutamyl transferase activity	{'GO:0000006': 0}	1.0
GO:0103117	F:UDP-3-O-acyl-N-acetylglucosamine deacetylase activity	{'GO:0000006': 0}	1.0
GO:0103118	F:UDP-3-O-(R-3-hydroxymyristoyl)-glucosamine N-acyltransferase activity	{'GO:0000006': 0}	1.0
GO:0106008	F:2-oxoglutaramate amidase activity	{'GO:0000006': 0}	1.0
GO:0106009	F:(4S)-4-hydroxy-2-oxoglutarate aldolase activity	{'GO:0000006': 0}	1.0
GO:0106026	F:Gly-tRNA(Ala) hydrolase activity	{'GO:0000006': 0}	1.0
GO:0106029	F:tRNA pseudouridine synthase activity	{'GO:0000006': 0}	1.0
GO:0106035	P:protein maturation by [4Fe-4S] cluster transfer	{'GO:0000006': 0}	1.0
GO:0106044	P:guanine deglycation	{'GO:0000006': 0}	1.0
GO:0106046	P:guanine deglycation, glyoxal removal	{'GO:0000006': 0}	1.0
GO:0106099	F:2-keto-3-deoxy-L-rhamnonate aldolase activity	{'GO:0000006': 0}	1.0
GO:0106141	F:flavin prenyltransferase activity	{'GO:0000006': 0}	1.0
GO:0110001	C:toxin-antitoxin complex	{'GO:0000006': 0}	1.0
GO:0110051	P:metabolite repair	{'GO:0000006': 0}	1.0
GO:0110052	P:toxic metabolite repair	{'GO:0000006': 0}	1.0
GO:0110068	F:glucosylglycerate phosphorylase activity	{'GO:0000006': 0}	1.0
GO:0110153	F:RNA NAD-cap (NMN-forming) hydrolase activity	{'GO:0000006': 0}	1.0
GO:0110155	P:NAD-cap decapping	{'GO:0000006': 0}	1.0
GO:0120009	P:intermembrane lipid transfer	{'GO:0000006': 0}	1.0
GO:0120010	P:intermembrane phospholipid transfer	{'GO:0000006': 0}	1.0
GO:0120159	F:rRNA pseudouridine synthase activity	{'GO:0000006': 0}	1.0
GO:0140009	P:L-aspartate import across plasma membrane	{'GO:0000006': 0}	1.0
GO:0140032	F:glycosylation-dependent protein binding	{'GO:0000006': 0}	1.0
GO:0140078	F:class I DNA-(apurinic or apyrimidinic site) endonuclease activity	{'GO:0000006': 0}	1.0
GO:0140114	P:cellular detoxification of fluoride	{'GO:0000006': 0}	1.0
GO:0140132	F:iron-sulfur cluster carrier activity	{'GO:0000006': 0}	1.0
GO:0140306	F:lipoprotein releasing activity	{'GO:0000006': 0}	1.0
GO:1900079	P:regulation of arginine biosynthetic process	{'GO:0000006': 0}	1.0
GO:1900081	P:regulation of arginine catabolic process	{'GO:0000006': 0}	1.0
GO:1900190	P:regulation of single-species biofilm formation	{'GO:0000006': 0}	1.0
GO:1900191	P:negative regulation of single-species biofilm formation	{'GO:0000006': 0}	1.0
GO:1900231	P:regulation of single-species biofilm formation on inanimate substrate	{'GO:0000006': 0}	1.0
GO:1900232	P:negative regulation of single-species biofilm formation on inanimate substrate	{'GO:0000006': 0}	1.0
GO:1900233	P:positive regulation of single-species biofilm formation on inanimate substrate	{'GO:0000006': 0}	1.0
GO:1900264	P:positive regulation of DNA-directed DNA polymerase activity	{'GO:0000006': 0}	1.0
GO:1900372	P:negative regulation of purine nucleotide biosynthetic process	{'GO:0000006': 0}	1.0
GO:1900376	P:regulation of secondary metabolite biosynthetic process	{'GO:0000006': 0}	1.0
GO:1900378	P:positive regulation of secondary metabolite biosynthetic process	{'GO:0000006': 0}	1.0
GO:1900705	P:negative regulation of siderophore biosynthetic process	{'GO:0000006': 0}	1.0
GO:1900727	P:osmoregulated periplasmic glucan biosynthetic process	{'GO:0000006': 0}	1.0
GO:1900750	F:oligopeptide binding	{'GO:0000006': 0}	1.0
GO:1900751	P:4-(trimethylammonio)butanoate transport	{'GO:0000006': 0}	1.0
GO:1901135	P:carbohydrate derivative metabolic process	{'GO:0000006': 0}	1.0
GO:1901260	P:peptidyl-lysine hydroxylation involved in bacterial-type EF-P lysine modification	{'GO:0000006': 0}	1.0
GO:1901264	P:carbohydrate derivative transport	{'GO:0000006': 0}	1.0
GO:1901275	P:tartrate metabolic process	{'GO:0000006': 0}	1.0
GO:1901281	P:fructoselysine catabolic process	{'GO:0000006': 0}	1.0
GO:1901359	F:tungstate binding	{'GO:0000006': 0}	1.0
GO:1901367	P:response to L-cysteine	{'GO:0000006': 0}	1.0
GO:1901381	P:positive regulation of potassium ion transmembrane transport	{'GO:0000006': 0}	1.0
GO:1901422	P:response to butan-1-ol	{'GO:0000006': 0}	1.0
GO:1901505	F:carbohydrate derivative transmembrane transporter activity	{'GO:0000006': 0}	1.0
GO:1901515	F:poly-beta-1,6-N-acetyl-D-glucosamine transmembrane transporter activity	{'GO:0000006': 0}	1.0
GO:1901530	P:response to hypochlorite	{'GO:0000006': 0}	1.0
GO:1901562	P:response to paraquat	{'GO:0000006': 0}	1.0
GO:1901565	P:organonitrogen compound catabolic process	{'GO:0000006': 0}	1.0
GO:1901605	P:alpha-amino acid metabolic process	{'GO:0000006': 0}	1.0
GO:1901611	F:phosphatidylglycerol binding	{'GO:0000006': 0}	1.0
GO:1901612	F:cardiolipin binding	{'GO:0000006': 0}	1.0
GO:1901642	P:nucleoside transmembrane transport	{'GO:0000006': 0}	1.0
GO:1901652	P:response to peptide	{'GO:0000006': 0}	1.0
GO:1901682	F:sulfur compound transmembrane transporter activity	{'GO:0000006': 0}	1.0
GO:1901875	P:positive regulation of post-translational protein modification	{'GO:0000006': 0}	1.0
GO:1901973	F:proline binding	{'GO:0000006': 0}	1.0
GO:1901982	F:maltose binding	{'GO:0000006': 0}	1.0
GO:1901998	P:toxin transport	{'GO:0000006': 0}	1.0
GO:1902021	P:regulation of bacterial-type flagellum-dependent cell motility	{'GO:0000006': 0}	1.0
GO:1902022	P:L-lysine transport	{'GO:0000006': 0}	1.0
GO:1902023	P:L-arginine transport	{'GO:0000006': 0}	1.0
GO:1902201	P:negative regulation of bacterial-type flagellum-dependent cell motility	{'GO:0000006': 0}	1.0
GO:1902208	P:regulation of bacterial-type flagellum assembly	{'GO:0000006': 0}	1.0
GO:1902209	P:negative regulation of bacterial-type flagellum assembly	{'GO:0000006': 0}	1.0
GO:1902210	P:positive regulation of bacterial-type flagellum assembly	{'GO:0000006': 0}	1.0
GO:1902280	P:regulation of RNA helicase activity	{'GO:0000006': 0}	1.0
GO:1902328	P:bacterial-type DNA replication initiation	{'GO:0000006': 0}	1.0
GO:1902358	P:sulfate transmembrane transport	{'GO:0000006': 0}	1.0
GO:1902369	P:negative regulation of RNA catabolic process	{'GO:0000006': 0}	1.0
GO:1902444	F:riboflavin binding	{'GO:0000006': 0}	1.0
GO:1902494	C:catalytic complex	{'GO:0000006': 0}	1.0
GO:1902495	C:transmembrane transporter complex	{'GO:0000006': 0}	1.0
GO:1902560	C:GMP reductase complex	{'GO:0000006': 0}	1.0
GO:1902599	P:sulfathiazole transmembrane transport	{'GO:0000006': 0}	1.0
GO:1902600	P:proton transmembrane transport	{'GO:0000006': 0}	1.0
GO:1902601	P:silver ion transmembrane transport	{'GO:0000006': 0}	1.0
GO:1902603	P:carnitine transmembrane transport	{'GO:0000006': 0}	1.0
GO:1902604	P:p-aminobenzoyl-glutamate transmembrane transport	{'GO:0000006': 0}	1.0
GO:1902626	P:assembly of large subunit precursor of preribosome	{'GO:0000006': 0}	1.0
GO:1902670	F:carbon dioxide binding	{'GO:0000006': 0}	1.0
GO:1902758	P:bis(molybdopterin guanine dinucleotide)molybdenum biosynthetic process	{'GO:0000006': 0}	1.0
GO:1902760	P:Mo(VI)-molybdopterin cytosine dinucleotide biosynthetic process	{'GO:0000006': 0}	1.0
GO:1902777	P:6-sulfoquinovose(1-) catabolic process	{'GO:0000006': 0}	1.0
GO:1902815	P:N,N'-diacetylchitobiose import	{'GO:0000006': 0}	1.0
GO:1902836	P:positive regulation of proline import across plasma membrane	{'GO:0000006': 0}	1.0
GO:1903228	P:xanthosine catabolic process	{'GO:0000006': 0}	1.0
GO:1903231	F:mRNA binding involved in posttranscriptional gene silencing	{'GO:0000006': 0}	1.0
GO:1903401	P:L-lysine transmembrane transport	{'GO:0000006': 0}	1.0
GO:1903424	P:fluoride transmembrane transport	{'GO:0000006': 0}	1.0
GO:1903425	F:fluoride transmembrane transporter activity	{'GO:0000006': 0}	1.0
GO:1903457	P:lactate catabolic process	{'GO:0000006': 0}	1.0
GO:1903507	P:negative regulation of nucleic acid-templated transcription	{'GO:0000006': 0}	1.0
GO:1903658	P:positive regulation of type IV pilus biogenesis	{'GO:0000006': 0}	1.0
GO:1903711	P:spermidine transmembrane transport	{'GO:0000006': 0}	1.0
GO:1903714	P:isoleucine transmembrane transport	{'GO:0000006': 0}	1.0
GO:1903785	P:L-valine transmembrane transport	{'GO:0000006': 0}	1.0
GO:1903805	P:L-valine import across plasma membrane	{'GO:0000006': 0}	1.0
GO:1903806	P:L-isoleucine import across plasma membrane	{'GO:0000006': 0}	1.0
GO:1903810	P:L-histidine import across plasma membrane	{'GO:0000006': 0}	1.0
GO:1903830	P:magnesium ion transmembrane transport	{'GO:0000006': 0}	1.0
GO:1903862	P:positive regulation of oxidative phosphorylation	{'GO:0000006': 0}	1.0
GO:1904047	F:S-adenosyl-L-methionine binding	{'GO:0000006': 0}	1.0
GO:1904082	P:pyrimidine nucleobase transmembrane transport	{'GO:0000006': 0}	1.0
GO:1904176	C:carbon phosphorus lyase complex	{'GO:0000006': 0}	1.0
GO:1904482	P:cellular response to tetrahydrofolate	{'GO:0000006': 0}	1.0
GO:1904659	P:glucose transmembrane transport	{'GO:0000006': 0}	1.0
GO:1904680	F:peptide transmembrane transporter activity	{'GO:0000006': 0}	1.0
GO:1905502	F:acetyl-CoA binding	{'GO:0000006': 0}	1.0
GO:1905538	F:polysome binding	{'GO:0000006': 0}	1.0
GO:1905647	P:proline import across plasma membrane	{'GO:0000006': 0}	1.0
GO:1905887	P:autoinducer AI-2 transmembrane transport	{'GO:0000006': 0}	1.0
GO:1990000	P:amyloid fibril formation	{'GO:0000006': 0}	1.0
GO:1990002	F:methylglyoxal reductase (NADPH-dependent, acetol producing)	{'GO:0000006': 0}	1.0
GO:1990060	C:maltose transport complex	{'GO:0000006': 0}	1.0
GO:1990063	C:Bam protein complex	{'GO:0000006': 0}	1.0
GO:1990077	C:primosome complex	{'GO:0000006': 0}	1.0
GO:1990097	C:SeqA-DNA complex	{'GO:0000006': 0}	1.0
GO:1990099	C:pre-primosome complex	{'GO:0000006': 0}	1.0
GO:1990145	P:maintenance of translational fidelity	{'GO:0000006': 0}	1.0
GO:1990169	P:stress response to copper ion	{'GO:0000006': 0}	1.0
GO:1990178	C:HU-DNA complex	{'GO:0000006': 0}	1.0
GO:1990189	F:peptide-serine-N-acetyltransferase activity	{'GO:0000006': 0}	1.0
GO:1990196	C:MacAB-TolC complex	{'GO:0000006': 0}	1.0
GO:1990220	C:GroEL-GroES complex	{'GO:0000006': 0}	1.0
GO:1990228	C:sulfurtransferase complex	{'GO:0000006': 0}	1.0
GO:1990229	C:iron-sulfur cluster assembly complex	{'GO:0000006': 0}	1.0
GO:1990230	C:iron-sulfur cluster transfer complex	{'GO:0000006': 0}	1.0
GO:1990238	F:double-stranded DNA endodeoxyribonuclease activity	{'GO:0000006': 0}	1.0
GO:1990275	F:preribosome binding	{'GO:0000006': 0}	1.0
GO:1990281	C:efflux pump complex	{'GO:0000006': 0}	1.0
GO:1990351	C:transporter complex	{'GO:0000006': 0}	1.0
GO:1990397	P:queuosine salvage	{'GO:0000006': 0}	1.0
GO:1990451	P:cellular stress response to acidic pH	{'GO:0000006': 0}	1.0
GO:1990481	P:mRNA pseudouridine synthesis	{'GO:0000006': 0}	1.0
GO:1990497	P:regulation of cytoplasmic translation in response to stress	{'GO:0000006': 0}	1.0
GO:1990507	P:ATP-independent chaperone mediated protein folding	{'GO:0000006': 0}	1.0
GO:1990532	P:stress response to nickel ion	{'GO:0000006': 0}	1.0
GO:1990610	F:acetolactate synthase regulator activity	{'GO:0000006': 0}	1.0
GO:1990827	F:deaminase binding	{'GO:0000006': 0}	1.0
GO:1990829	F:C-rich single-stranded DNA binding	{'GO:0000006': 0}	1.0
GO:1990837	F:sequence-specific double-stranded DNA binding	{'GO:0000006': 0}	1.0
GO:1990904	C:ribonucleoprotein complex	{'GO:0000006': 0}	1.0
GO:1990914	C:integral component of periplasmic side of plasma membrane	{'GO:0000006': 0}	1.0
GO:1990929	F:sulfoquinovosidase activity	{'GO:0000006': 0}	1.0
GO:1990961	P:xenobiotic detoxification by transmembrane export across the plasma membrane	{'GO:0000006': 0}	1.0
GO:2000104	P:negative regulation of DNA-dependent DNA replication	{'GO:0000006': 0}	1.0
GO:2000142	P:regulation of DNA-templated transcription, initiation	{'GO:0000006': 0}	1.0
GO:2000143	P:negative regulation of DNA-templated transcription, initiation	{'GO:0000006': 0}	1.0
GO:2000144	P:positive regulation of DNA-templated transcription, initiation	{'GO:0000006': 0}	1.0
GO:2000145	P:regulation of cell motility	{'GO:0000006': 0}	1.0
GO:2000186	P:negative regulation of phosphate transmembrane transport	{'GO:0000006': 0}	1.0
GO:2000245	P:negative regulation of FtsZ-dependent cytokinesis	{'GO:0000006': 0}	1.0
GO:2000678	P:negative regulation of transcription regulatory region DNA binding	{'GO:0000006': 0}	1.0
GO:2000766	P:negative regulation of cytoplasmic translation	{'GO:0000006': 0}	1.0
GO:2000892	P:cellobiose catabolic process	{'GO:0000006': 0}	1.0
GO:2001023	P:regulation of response to drug	{'GO:0000006': 0}	1.0
GO:2001059	P:D-tagatose 6-phosphate catabolic process	{'GO:0000006': 0}	1.0
GO:2001061	P:D-glycero-D-manno-heptose 7-phosphate biosynthetic process	{'GO:0000006': 0}	1.0
GO:2001125	P:negative regulation of translational frameshifting	{'GO:0000006': 0}	1.0
GO:2001251	P:negative regulation of chromosome organization	{'GO:0000006': 0}	1.0
GO:2001295	P:malonyl-CoA biosynthetic process	{'GO:0000006': 0}	1.0
GO:2001315	P:UDP-4-deoxy-4-formamido-beta-L-arabinopyranose biosynthetic process	{'GO:0000006': 0}	1.0
